# ************************************************************
# Sequel Pro SQL dump
# Version 4541
#
# http://www.sequelpro.com/
# https://github.com/sequelpro/sequelpro
#
# Host: localhost (MySQL 5.7.12)
# Database: ongo_test
# Generation Time: 2016-06-16 16:14:47 +0000
# ************************************************************


/*!40101 SET @OLD_CHARACTER_SET_CLIENT=@@CHARACTER_SET_CLIENT */;
/*!40101 SET @OLD_CHARACTER_SET_RESULTS=@@CHARACTER_SET_RESULTS */;
/*!40101 SET @OLD_COLLATION_CONNECTION=@@COLLATION_CONNECTION */;
/*!40101 SET NAMES utf8 */;
/*!40014 SET @OLD_FOREIGN_KEY_CHECKS=@@FOREIGN_KEY_CHECKS, FOREIGN_KEY_CHECKS=0 */;
/*!40101 SET @OLD_SQL_MODE=@@SQL_MODE, SQL_MODE='NO_AUTO_VALUE_ON_ZERO' */;
/*!40111 SET @OLD_SQL_NOTES=@@SQL_NOTES, SQL_NOTES=0 */;


# Dump of table city
# ------------------------------------------------------------

DROP TABLE IF EXISTS `city`;

CREATE TABLE `city` (
  `id` int(11) unsigned NOT NULL AUTO_INCREMENT,
  `country_id` int(11) unsigned NOT NULL,
  `name` varchar(255) DEFAULT NULL,
  `logo` varchar(255) DEFAULT NULL,
  PRIMARY KEY (`id`),
  KEY `country_id` (`country_id`),
  CONSTRAINT `city_ibfk_1` FOREIGN KEY (`country_id`) REFERENCES `country` (`id`) ON DELETE CASCADE ON UPDATE CASCADE
) ENGINE=InnoDB DEFAULT CHARSET=utf8;

LOCK TABLES `city` WRITE;
/*!40000 ALTER TABLE `city` DISABLE KEYS */;

INSERT INTO `city` (`id`, `country_id`, `name`, `logo`)
VALUES
	(2,1,'Siem Reap','http://www2.cloudspaceto.me/t8/places/city2.jpg'),
	(4,2,'Petersburg',NULL),
	(5,3,'Washington',NULL),
	(6,3,'Toronto',NULL),
	(7,3,'Miami',NULL);

/*!40000 ALTER TABLE `city` ENABLE KEYS */;
UNLOCK TABLES;


# Dump of table country
# ------------------------------------------------------------

DROP TABLE IF EXISTS `country`;

CREATE TABLE `country` (
  `id` int(11) unsigned NOT NULL AUTO_INCREMENT,
  `name` varchar(255) DEFAULT NULL,
  `logo` varchar(255) DEFAULT NULL,
  PRIMARY KEY (`id`)
) ENGINE=InnoDB DEFAULT CHARSET=utf8;

LOCK TABLES `country` WRITE;
/*!40000 ALTER TABLE `country` DISABLE KEYS */;

INSERT INTO `country` (`id`, `name`, `logo`)
VALUES
	(1,'Cambodia','http://www2.cloudspaceto.me/t8/places/city3.jpg'),
	(2,'Russian Federation',NULL),
	(3,'USA',NULL);

/*!40000 ALTER TABLE `country` ENABLE KEYS */;
UNLOCK TABLES;


# Dump of table gallery
# ------------------------------------------------------------

DROP TABLE IF EXISTS `gallery`;

CREATE TABLE `gallery` (
  `id` int(11) unsigned NOT NULL AUTO_INCREMENT,
  `created` timestamp NOT NULL DEFAULT CURRENT_TIMESTAMP ON UPDATE CURRENT_TIMESTAMP,
  `place_id` int(11) unsigned NOT NULL,
  `photograph_id` int(10) unsigned NOT NULL,
  PRIMARY KEY (`id`),
  KEY `photograph_id` (`photograph_id`),
  KEY `place_id` (`place_id`),
  CONSTRAINT `gallery_ibfk_1` FOREIGN KEY (`photograph_id`) REFERENCES `photograph` (`id`) ON DELETE CASCADE ON UPDATE CASCADE,
  CONSTRAINT `gallery_ibfk_2` FOREIGN KEY (`place_id`) REFERENCES `place` (`id`) ON DELETE CASCADE ON UPDATE CASCADE
) ENGINE=InnoDB DEFAULT CHARSET=utf8;

LOCK TABLES `gallery` WRITE;
/*!40000 ALTER TABLE `gallery` DISABLE KEYS */;

INSERT INTO `gallery` (`id`, `created`, `place_id`, `photograph_id`)
VALUES
	(1,'2016-06-13 18:40:14',7,12),
	(2,'2016-06-13 18:40:31',8,13),
	(3,'2016-06-13 18:40:33',9,14),
	(4,'2016-06-13 18:40:35',10,15),
	(5,'2016-06-13 18:40:36',11,16);

/*!40000 ALTER TABLE `gallery` ENABLE KEYS */;
UNLOCK TABLES;


# Dump of table photo
# ------------------------------------------------------------

DROP TABLE IF EXISTS `photo`;

CREATE TABLE `photo` (
  `id` int(11) unsigned NOT NULL AUTO_INCREMENT,
  `gallery_id` int(10) unsigned NOT NULL,
  `src` varchar(255) DEFAULT NULL,
  `thumb` varchar(255) DEFAULT NULL,
  PRIMARY KEY (`id`),
  KEY `gallery_id` (`gallery_id`),
  CONSTRAINT `photo_ibfk_1` FOREIGN KEY (`gallery_id`) REFERENCES `gallery` (`id`) ON DELETE CASCADE ON UPDATE CASCADE
) ENGINE=InnoDB DEFAULT CHARSET=utf8;

LOCK TABLES `photo` WRITE;
/*!40000 ALTER TABLE `photo` DISABLE KEYS */;

INSERT INTO `photo` (`id`, `gallery_id`, `src`, `thumb`)
VALUES
	(1,1,'http://www2.cloudspaceto.me/t8/Brittany Oldehoff - Grayson Hoffman photoshoot/WW0005.jpg','http://www2.cloudspaceto.me/t8/Brittany Oldehoff - Grayson Hoffman photoshoot/thumb/WW0005.jpg'),
	(2,1,'http://www2.cloudspaceto.me/t8/Brittany Oldehoff - Grayson Hoffman photoshoot/WW0011.jpg','http://www2.cloudspaceto.me/t8/Brittany Oldehoff - Grayson Hoffman photoshoot/thumb/WW0011.jpg'),
	(3,1,'http://www2.cloudspaceto.me/t8/Brittany Oldehoff - Grayson Hoffman photoshoot/WW0010.jpg','http://www2.cloudspaceto.me/t8/Brittany Oldehoff - Grayson Hoffman photoshoot/thumb/WW0010.jpg'),
	(4,1,'http://www2.cloudspaceto.me/t8/Brittany Oldehoff - Grayson Hoffman photoshoot/WW0003.jpg','http://www2.cloudspaceto.me/t8/Brittany Oldehoff - Grayson Hoffman photoshoot/thumb/WW0003.jpg'),
	(5,1,'http://www2.cloudspaceto.me/t8/Brittany Oldehoff - Grayson Hoffman photoshoot/WW0008.jpg','http://www2.cloudspaceto.me/t8/Brittany Oldehoff - Grayson Hoffman photoshoot/thumb/WW0008.jpg'),
	(6,1,'http://www2.cloudspaceto.me/t8/Brittany Oldehoff - Grayson Hoffman photoshoot/WW0012.jpg','http://www2.cloudspaceto.me/t8/Brittany Oldehoff - Grayson Hoffman photoshoot/thumb/WW0012.jpg'),
	(7,1,'http://www2.cloudspaceto.me/t8/Brittany Oldehoff - Grayson Hoffman photoshoot/WW0013.jpg','http://www2.cloudspaceto.me/t8/Brittany Oldehoff - Grayson Hoffman photoshoot/thumb/WW0013.jpg'),
	(8,1,'http://www2.cloudspaceto.me/t8/Brittany Oldehoff - Grayson Hoffman photoshoot/WW0002.jpg','http://www2.cloudspaceto.me/t8/Brittany Oldehoff - Grayson Hoffman photoshoot/thumb/WW0002.jpg'),
	(9,1,'http://www2.cloudspaceto.me/t8/Brittany Oldehoff - Grayson Hoffman photoshoot/WW0009.jpg','http://www2.cloudspaceto.me/t8/Brittany Oldehoff - Grayson Hoffman photoshoot/thumb/WW0009.jpg'),
	(10,1,'http://www2.cloudspaceto.me/t8/Brittany Oldehoff - Grayson Hoffman photoshoot/WW0001.jpg','http://www2.cloudspaceto.me/t8/Brittany Oldehoff - Grayson Hoffman photoshoot/thumb/WW0001.jpg'),
	(11,1,'http://www2.cloudspaceto.me/t8/Brittany Oldehoff - Grayson Hoffman photoshoot/WW0006.jpg','http://www2.cloudspaceto.me/t8/Brittany Oldehoff - Grayson Hoffman photoshoot/thumb/WW0006.jpg'),
	(12,1,'http://www2.cloudspaceto.me/t8/Brittany Oldehoff - Grayson Hoffman photoshoot/WW0004.jpg','http://www2.cloudspaceto.me/t8/Brittany Oldehoff - Grayson Hoffman photoshoot/thumb/WW0004.jpg'),
	(13,1,'http://www2.cloudspaceto.me/t8/Brittany Oldehoff - Grayson Hoffman photoshoot/WW0007.jpg','http://www2.cloudspaceto.me/t8/Brittany Oldehoff - Grayson Hoffman photoshoot/thumb/WW0007.jpg'),
	(34,2,'http://www2.cloudspaceto.me/t8/Ginta Lapina - Gilles Bensimon Photoshoot June 2016/WW0005.jpg','http://www2.cloudspaceto.me/t8/Ginta Lapina - Gilles Bensimon Photoshoot June 2016/thumb/WW0005.jpg'),
	(35,2,'http://www2.cloudspaceto.me/t8/Ginta Lapina - Gilles Bensimon Photoshoot June 2016/WW0014.jpg','http://www2.cloudspaceto.me/t8/Ginta Lapina - Gilles Bensimon Photoshoot June 2016/thumb/WW0014.jpg'),
	(36,2,'http://www2.cloudspaceto.me/t8/Ginta Lapina - Gilles Bensimon Photoshoot June 2016/WW0011.jpg','http://www2.cloudspaceto.me/t8/Ginta Lapina - Gilles Bensimon Photoshoot June 2016/thumb/WW0011.jpg'),
	(37,2,'http://www2.cloudspaceto.me/t8/Ginta Lapina - Gilles Bensimon Photoshoot June 2016/WW0010.jpg','http://www2.cloudspaceto.me/t8/Ginta Lapina - Gilles Bensimon Photoshoot June 2016/thumb/WW0010.jpg'),
	(38,2,'http://www2.cloudspaceto.me/t8/Ginta Lapina - Gilles Bensimon Photoshoot June 2016/WW0016.jpg','http://www2.cloudspaceto.me/t8/Ginta Lapina - Gilles Bensimon Photoshoot June 2016/thumb/WW0016.jpg'),
	(39,2,'http://www2.cloudspaceto.me/t8/Ginta Lapina - Gilles Bensimon Photoshoot June 2016/WW0003.jpg','http://www2.cloudspaceto.me/t8/Ginta Lapina - Gilles Bensimon Photoshoot June 2016/thumb/WW0003.jpg'),
	(40,2,'http://www2.cloudspaceto.me/t8/Ginta Lapina - Gilles Bensimon Photoshoot June 2016/WW0008.jpg','http://www2.cloudspaceto.me/t8/Ginta Lapina - Gilles Bensimon Photoshoot June 2016/thumb/WW0008.jpg'),
	(41,2,'http://www2.cloudspaceto.me/t8/Ginta Lapina - Gilles Bensimon Photoshoot June 2016/WW0012.jpg','http://www2.cloudspaceto.me/t8/Ginta Lapina - Gilles Bensimon Photoshoot June 2016/thumb/WW0012.jpg'),
	(42,2,'http://www2.cloudspaceto.me/t8/Ginta Lapina - Gilles Bensimon Photoshoot June 2016/WW0015.jpg','http://www2.cloudspaceto.me/t8/Ginta Lapina - Gilles Bensimon Photoshoot June 2016/thumb/WW0015.jpg'),
	(43,2,'http://www2.cloudspaceto.me/t8/Ginta Lapina - Gilles Bensimon Photoshoot June 2016/WW0018.jpg','http://www2.cloudspaceto.me/t8/Ginta Lapina - Gilles Bensimon Photoshoot June 2016/thumb/WW0018.jpg'),
	(44,2,'http://www2.cloudspaceto.me/t8/Ginta Lapina - Gilles Bensimon Photoshoot June 2016/WW0013.jpg','http://www2.cloudspaceto.me/t8/Ginta Lapina - Gilles Bensimon Photoshoot June 2016/thumb/WW0013.jpg'),
	(45,2,'http://www2.cloudspaceto.me/t8/Ginta Lapina - Gilles Bensimon Photoshoot June 2016/WW0019.jpg','http://www2.cloudspaceto.me/t8/Ginta Lapina - Gilles Bensimon Photoshoot June 2016/thumb/WW0019.jpg'),
	(46,2,'http://www2.cloudspaceto.me/t8/Ginta Lapina - Gilles Bensimon Photoshoot June 2016/WW0002.jpg','http://www2.cloudspaceto.me/t8/Ginta Lapina - Gilles Bensimon Photoshoot June 2016/thumb/WW0002.jpg'),
	(47,2,'http://www2.cloudspaceto.me/t8/Ginta Lapina - Gilles Bensimon Photoshoot June 2016/WW0009.jpg','http://www2.cloudspaceto.me/t8/Ginta Lapina - Gilles Bensimon Photoshoot June 2016/thumb/WW0009.jpg'),
	(48,2,'http://www2.cloudspaceto.me/t8/Ginta Lapina - Gilles Bensimon Photoshoot June 2016/WW0001.jpg','http://www2.cloudspaceto.me/t8/Ginta Lapina - Gilles Bensimon Photoshoot June 2016/thumb/WW0001.jpg'),
	(49,2,'http://www2.cloudspaceto.me/t8/Ginta Lapina - Gilles Bensimon Photoshoot June 2016/WW0017.jpg','http://www2.cloudspaceto.me/t8/Ginta Lapina - Gilles Bensimon Photoshoot June 2016/thumb/WW0017.jpg'),
	(50,2,'http://www2.cloudspaceto.me/t8/Ginta Lapina - Gilles Bensimon Photoshoot June 2016/WW0006.jpg','http://www2.cloudspaceto.me/t8/Ginta Lapina - Gilles Bensimon Photoshoot June 2016/thumb/WW0006.jpg'),
	(51,2,'http://www2.cloudspaceto.me/t8/Ginta Lapina - Gilles Bensimon Photoshoot June 2016/WW0004.jpg','http://www2.cloudspaceto.me/t8/Ginta Lapina - Gilles Bensimon Photoshoot June 2016/thumb/WW0004.jpg'),
	(52,2,'http://www2.cloudspaceto.me/t8/Ginta Lapina - Gilles Bensimon Photoshoot June 2016/WW0020.jpg','http://www2.cloudspaceto.me/t8/Ginta Lapina - Gilles Bensimon Photoshoot June 2016/thumb/WW0020.jpg'),
	(53,2,'http://www2.cloudspaceto.me/t8/Ginta Lapina - Gilles Bensimon Photoshoot June 2016/WW0007.jpg','http://www2.cloudspaceto.me/t8/Ginta Lapina - Gilles Bensimon Photoshoot June 2016/thumb/WW0007.jpg'),
	(55,3,'http://www2.cloudspaceto.me/t8/Jacqueline Oloniceva - Underlash Activewwear/WW0099.jpg','http://www2.cloudspaceto.me/t8/Jacqueline Oloniceva - Underlash Activewwear/thumb/WW0099.jpg'),
	(56,3,'http://www2.cloudspaceto.me/t8/Jacqueline Oloniceva - Underlash Activewwear/WW0072.jpg','http://www2.cloudspaceto.me/t8/Jacqueline Oloniceva - Underlash Activewwear/thumb/WW0072.jpg'),
	(57,3,'http://www2.cloudspaceto.me/t8/Jacqueline Oloniceva - Underlash Activewwear/WW0070.jpg','http://www2.cloudspaceto.me/t8/Jacqueline Oloniceva - Underlash Activewwear/thumb/WW0070.jpg'),
	(58,3,'http://www2.cloudspaceto.me/t8/Jacqueline Oloniceva - Underlash Activewwear/WW0005.jpg','http://www2.cloudspaceto.me/t8/Jacqueline Oloniceva - Underlash Activewwear/thumb/WW0005.jpg'),
	(59,3,'http://www2.cloudspaceto.me/t8/Jacqueline Oloniceva - Underlash Activewwear/WW0062.jpg','http://www2.cloudspaceto.me/t8/Jacqueline Oloniceva - Underlash Activewwear/thumb/WW0062.jpg'),
	(60,3,'http://www2.cloudspaceto.me/t8/Jacqueline Oloniceva - Underlash Activewwear/WW0091.jpg','http://www2.cloudspaceto.me/t8/Jacqueline Oloniceva - Underlash Activewwear/thumb/WW0091.jpg'),
	(61,3,'http://www2.cloudspaceto.me/t8/Jacqueline Oloniceva - Underlash Activewwear/WW0089.jpg','http://www2.cloudspaceto.me/t8/Jacqueline Oloniceva - Underlash Activewwear/thumb/WW0089.jpg'),
	(62,3,'http://www2.cloudspaceto.me/t8/Jacqueline Oloniceva - Underlash Activewwear/WW0082.jpg','http://www2.cloudspaceto.me/t8/Jacqueline Oloniceva - Underlash Activewwear/thumb/WW0082.jpg'),
	(63,3,'http://www2.cloudspaceto.me/t8/Jacqueline Oloniceva - Underlash Activewwear/WW0033.jpg','http://www2.cloudspaceto.me/t8/Jacqueline Oloniceva - Underlash Activewwear/thumb/WW0033.jpg'),
	(64,3,'http://www2.cloudspaceto.me/t8/Jacqueline Oloniceva - Underlash Activewwear/WW0084.jpg','http://www2.cloudspaceto.me/t8/Jacqueline Oloniceva - Underlash Activewwear/thumb/WW0084.jpg'),
	(65,3,'http://www2.cloudspaceto.me/t8/Jacqueline Oloniceva - Underlash Activewwear/WW0035.jpg','http://www2.cloudspaceto.me/t8/Jacqueline Oloniceva - Underlash Activewwear/thumb/WW0035.jpg'),
	(66,3,'http://www2.cloudspaceto.me/t8/Jacqueline Oloniceva - Underlash Activewwear/WW0014.jpg','http://www2.cloudspaceto.me/t8/Jacqueline Oloniceva - Underlash Activewwear/thumb/WW0014.jpg'),
	(67,3,'http://www2.cloudspaceto.me/t8/Jacqueline Oloniceva - Underlash Activewwear/WW0078.jpg','http://www2.cloudspaceto.me/t8/Jacqueline Oloniceva - Underlash Activewwear/thumb/WW0078.jpg'),
	(68,3,'http://www2.cloudspaceto.me/t8/Jacqueline Oloniceva - Underlash Activewwear/WW0093.jpg','http://www2.cloudspaceto.me/t8/Jacqueline Oloniceva - Underlash Activewwear/thumb/WW0093.jpg'),
	(69,3,'http://www2.cloudspaceto.me/t8/Jacqueline Oloniceva - Underlash Activewwear/WW0031.jpg','http://www2.cloudspaceto.me/t8/Jacqueline Oloniceva - Underlash Activewwear/thumb/WW0031.jpg'),
	(70,3,'http://www2.cloudspaceto.me/t8/Jacqueline Oloniceva - Underlash Activewwear/WW0075.jpg','http://www2.cloudspaceto.me/t8/Jacqueline Oloniceva - Underlash Activewwear/thumb/WW0075.jpg'),
	(71,3,'http://www2.cloudspaceto.me/t8/Jacqueline Oloniceva - Underlash Activewwear/WW0113.jpg','http://www2.cloudspaceto.me/t8/Jacqueline Oloniceva - Underlash Activewwear/thumb/WW0113.jpg'),
	(72,3,'http://www2.cloudspaceto.me/t8/Jacqueline Oloniceva - Underlash Activewwear/WW0046.jpg','http://www2.cloudspaceto.me/t8/Jacqueline Oloniceva - Underlash Activewwear/thumb/WW0046.jpg'),
	(73,3,'http://www2.cloudspaceto.me/t8/Jacqueline Oloniceva - Underlash Activewwear/WW0095.jpg','http://www2.cloudspaceto.me/t8/Jacqueline Oloniceva - Underlash Activewwear/thumb/WW0095.jpg'),
	(74,3,'http://www2.cloudspaceto.me/t8/Jacqueline Oloniceva - Underlash Activewwear/WW0074.jpg','http://www2.cloudspaceto.me/t8/Jacqueline Oloniceva - Underlash Activewwear/thumb/WW0074.jpg'),
	(75,3,'http://www2.cloudspaceto.me/t8/Jacqueline Oloniceva - Underlash Activewwear/WW0110.jpg','http://www2.cloudspaceto.me/t8/Jacqueline Oloniceva - Underlash Activewwear/thumb/WW0110.jpg'),
	(76,3,'http://www2.cloudspaceto.me/t8/Jacqueline Oloniceva - Underlash Activewwear/WW0114.jpg','http://www2.cloudspaceto.me/t8/Jacqueline Oloniceva - Underlash Activewwear/thumb/WW0114.jpg'),
	(77,3,'http://www2.cloudspaceto.me/t8/Jacqueline Oloniceva - Underlash Activewwear/WW0021.jpg','http://www2.cloudspaceto.me/t8/Jacqueline Oloniceva - Underlash Activewwear/thumb/WW0021.jpg'),
	(78,3,'http://www2.cloudspaceto.me/t8/Jacqueline Oloniceva - Underlash Activewwear/WW0055.jpg','http://www2.cloudspaceto.me/t8/Jacqueline Oloniceva - Underlash Activewwear/thumb/WW0055.jpg'),
	(79,3,'http://www2.cloudspaceto.me/t8/Jacqueline Oloniceva - Underlash Activewwear/WW0109.jpg','http://www2.cloudspaceto.me/t8/Jacqueline Oloniceva - Underlash Activewwear/thumb/WW0109.jpg'),
	(80,3,'http://www2.cloudspaceto.me/t8/Jacqueline Oloniceva - Underlash Activewwear/WW0038.jpg','http://www2.cloudspaceto.me/t8/Jacqueline Oloniceva - Underlash Activewwear/thumb/WW0038.jpg'),
	(81,3,'http://www2.cloudspaceto.me/t8/Jacqueline Oloniceva - Underlash Activewwear/WW0024.jpg','http://www2.cloudspaceto.me/t8/Jacqueline Oloniceva - Underlash Activewwear/thumb/WW0024.jpg'),
	(82,3,'http://www2.cloudspaceto.me/t8/Jacqueline Oloniceva - Underlash Activewwear/WW0040.jpg','http://www2.cloudspaceto.me/t8/Jacqueline Oloniceva - Underlash Activewwear/thumb/WW0040.jpg'),
	(83,3,'http://www2.cloudspaceto.me/t8/Jacqueline Oloniceva - Underlash Activewwear/WW0066.jpg','http://www2.cloudspaceto.me/t8/Jacqueline Oloniceva - Underlash Activewwear/thumb/WW0066.jpg'),
	(84,3,'http://www2.cloudspaceto.me/t8/Jacqueline Oloniceva - Underlash Activewwear/WW0057.jpg','http://www2.cloudspaceto.me/t8/Jacqueline Oloniceva - Underlash Activewwear/thumb/WW0057.jpg'),
	(85,3,'http://www2.cloudspaceto.me/t8/Jacqueline Oloniceva - Underlash Activewwear/WW0054.jpg','http://www2.cloudspaceto.me/t8/Jacqueline Oloniceva - Underlash Activewwear/thumb/WW0054.jpg'),
	(86,3,'http://www2.cloudspaceto.me/t8/Jacqueline Oloniceva - Underlash Activewwear/WW0011.jpg','http://www2.cloudspaceto.me/t8/Jacqueline Oloniceva - Underlash Activewwear/thumb/WW0011.jpg'),
	(87,3,'http://www2.cloudspaceto.me/t8/Jacqueline Oloniceva - Underlash Activewwear/WW0061.jpg','http://www2.cloudspaceto.me/t8/Jacqueline Oloniceva - Underlash Activewwear/thumb/WW0061.jpg'),
	(88,3,'http://www2.cloudspaceto.me/t8/Jacqueline Oloniceva - Underlash Activewwear/WW0100.jpg','http://www2.cloudspaceto.me/t8/Jacqueline Oloniceva - Underlash Activewwear/thumb/WW0100.jpg'),
	(89,3,'http://www2.cloudspaceto.me/t8/Jacqueline Oloniceva - Underlash Activewwear/WW0034.jpg','http://www2.cloudspaceto.me/t8/Jacqueline Oloniceva - Underlash Activewwear/thumb/WW0034.jpg'),
	(90,3,'http://www2.cloudspaceto.me/t8/Jacqueline Oloniceva - Underlash Activewwear/WW0059.jpg','http://www2.cloudspaceto.me/t8/Jacqueline Oloniceva - Underlash Activewwear/thumb/WW0059.jpg'),
	(91,3,'http://www2.cloudspaceto.me/t8/Jacqueline Oloniceva - Underlash Activewwear/WW0097.jpg','http://www2.cloudspaceto.me/t8/Jacqueline Oloniceva - Underlash Activewwear/thumb/WW0097.jpg'),
	(92,3,'http://www2.cloudspaceto.me/t8/Jacqueline Oloniceva - Underlash Activewwear/WW0088.jpg','http://www2.cloudspaceto.me/t8/Jacqueline Oloniceva - Underlash Activewwear/thumb/WW0088.jpg'),
	(93,3,'http://www2.cloudspaceto.me/t8/Jacqueline Oloniceva - Underlash Activewwear/WW0010.jpg','http://www2.cloudspaceto.me/t8/Jacqueline Oloniceva - Underlash Activewwear/thumb/WW0010.jpg'),
	(94,3,'http://www2.cloudspaceto.me/t8/Jacqueline Oloniceva - Underlash Activewwear/WW0016.jpg','http://www2.cloudspaceto.me/t8/Jacqueline Oloniceva - Underlash Activewwear/thumb/WW0016.jpg'),
	(95,3,'http://www2.cloudspaceto.me/t8/Jacqueline Oloniceva - Underlash Activewwear/WW0117.jpg','http://www2.cloudspaceto.me/t8/Jacqueline Oloniceva - Underlash Activewwear/thumb/WW0117.jpg'),
	(96,3,'http://www2.cloudspaceto.me/t8/Jacqueline Oloniceva - Underlash Activewwear/WW0003.jpg','http://www2.cloudspaceto.me/t8/Jacqueline Oloniceva - Underlash Activewwear/thumb/WW0003.jpg'),
	(97,3,'http://www2.cloudspaceto.me/t8/Jacqueline Oloniceva - Underlash Activewwear/WW0008.jpg','http://www2.cloudspaceto.me/t8/Jacqueline Oloniceva - Underlash Activewwear/thumb/WW0008.jpg'),
	(98,3,'http://www2.cloudspaceto.me/t8/Jacqueline Oloniceva - Underlash Activewwear/WW0058.jpg','http://www2.cloudspaceto.me/t8/Jacqueline Oloniceva - Underlash Activewwear/thumb/WW0058.jpg'),
	(99,3,'http://www2.cloudspaceto.me/t8/Jacqueline Oloniceva - Underlash Activewwear/WW0090.jpg','http://www2.cloudspaceto.me/t8/Jacqueline Oloniceva - Underlash Activewwear/thumb/WW0090.jpg'),
	(100,3,'http://www2.cloudspaceto.me/t8/Jacqueline Oloniceva - Underlash Activewwear/WW0012.jpg','http://www2.cloudspaceto.me/t8/Jacqueline Oloniceva - Underlash Activewwear/thumb/WW0012.jpg'),
	(101,3,'http://www2.cloudspaceto.me/t8/Jacqueline Oloniceva - Underlash Activewwear/WW0060.jpg','http://www2.cloudspaceto.me/t8/Jacqueline Oloniceva - Underlash Activewwear/thumb/WW0060.jpg'),
	(102,3,'http://www2.cloudspaceto.me/t8/Jacqueline Oloniceva - Underlash Activewwear/WW0069.jpg','http://www2.cloudspaceto.me/t8/Jacqueline Oloniceva - Underlash Activewwear/thumb/WW0069.jpg'),
	(103,3,'http://www2.cloudspaceto.me/t8/Jacqueline Oloniceva - Underlash Activewwear/WW0080.jpg','http://www2.cloudspaceto.me/t8/Jacqueline Oloniceva - Underlash Activewwear/thumb/WW0080.jpg'),
	(104,3,'http://www2.cloudspaceto.me/t8/Jacqueline Oloniceva - Underlash Activewwear/WW0015.jpg','http://www2.cloudspaceto.me/t8/Jacqueline Oloniceva - Underlash Activewwear/thumb/WW0015.jpg'),
	(105,3,'http://www2.cloudspaceto.me/t8/Jacqueline Oloniceva - Underlash Activewwear/WW0037.jpg','http://www2.cloudspaceto.me/t8/Jacqueline Oloniceva - Underlash Activewwear/thumb/WW0037.jpg'),
	(106,3,'http://www2.cloudspaceto.me/t8/Jacqueline Oloniceva - Underlash Activewwear/WW0042.jpg','http://www2.cloudspaceto.me/t8/Jacqueline Oloniceva - Underlash Activewwear/thumb/WW0042.jpg'),
	(107,3,'http://www2.cloudspaceto.me/t8/Jacqueline Oloniceva - Underlash Activewwear/WW0051.jpg','http://www2.cloudspaceto.me/t8/Jacqueline Oloniceva - Underlash Activewwear/thumb/WW0051.jpg'),
	(108,3,'http://www2.cloudspaceto.me/t8/Jacqueline Oloniceva - Underlash Activewwear/WW0067.jpg','http://www2.cloudspaceto.me/t8/Jacqueline Oloniceva - Underlash Activewwear/thumb/WW0067.jpg'),
	(109,3,'http://www2.cloudspaceto.me/t8/Jacqueline Oloniceva - Underlash Activewwear/WW0028.jpg','http://www2.cloudspaceto.me/t8/Jacqueline Oloniceva - Underlash Activewwear/thumb/WW0028.jpg'),
	(110,3,'http://www2.cloudspaceto.me/t8/Jacqueline Oloniceva - Underlash Activewwear/WW0018.jpg','http://www2.cloudspaceto.me/t8/Jacqueline Oloniceva - Underlash Activewwear/thumb/WW0018.jpg'),
	(111,3,'http://www2.cloudspaceto.me/t8/Jacqueline Oloniceva - Underlash Activewwear/WW0047.jpg','http://www2.cloudspaceto.me/t8/Jacqueline Oloniceva - Underlash Activewwear/thumb/WW0047.jpg'),
	(112,3,'http://www2.cloudspaceto.me/t8/Jacqueline Oloniceva - Underlash Activewwear/WW0111.jpg','http://www2.cloudspaceto.me/t8/Jacqueline Oloniceva - Underlash Activewwear/thumb/WW0111.jpg'),
	(113,3,'http://www2.cloudspaceto.me/t8/Jacqueline Oloniceva - Underlash Activewwear/WW0102.jpg','http://www2.cloudspaceto.me/t8/Jacqueline Oloniceva - Underlash Activewwear/thumb/WW0102.jpg'),
	(114,3,'http://www2.cloudspaceto.me/t8/Jacqueline Oloniceva - Underlash Activewwear/WW0013.jpg','http://www2.cloudspaceto.me/t8/Jacqueline Oloniceva - Underlash Activewwear/thumb/WW0013.jpg'),
	(115,3,'http://www2.cloudspaceto.me/t8/Jacqueline Oloniceva - Underlash Activewwear/WW0039.jpg','http://www2.cloudspaceto.me/t8/Jacqueline Oloniceva - Underlash Activewwear/thumb/WW0039.jpg'),
	(116,3,'http://www2.cloudspaceto.me/t8/Jacqueline Oloniceva - Underlash Activewwear/WW0081.jpg','http://www2.cloudspaceto.me/t8/Jacqueline Oloniceva - Underlash Activewwear/thumb/WW0081.jpg'),
	(117,3,'http://www2.cloudspaceto.me/t8/Jacqueline Oloniceva - Underlash Activewwear/WW0019.jpg','http://www2.cloudspaceto.me/t8/Jacqueline Oloniceva - Underlash Activewwear/thumb/WW0019.jpg'),
	(118,3,'http://www2.cloudspaceto.me/t8/Jacqueline Oloniceva - Underlash Activewwear/WW0079.jpg','http://www2.cloudspaceto.me/t8/Jacqueline Oloniceva - Underlash Activewwear/thumb/WW0079.jpg'),
	(119,3,'http://www2.cloudspaceto.me/t8/Jacqueline Oloniceva - Underlash Activewwear/WW0101.jpg','http://www2.cloudspaceto.me/t8/Jacqueline Oloniceva - Underlash Activewwear/thumb/WW0101.jpg'),
	(120,3,'http://www2.cloudspaceto.me/t8/Jacqueline Oloniceva - Underlash Activewwear/WW0023.jpg','http://www2.cloudspaceto.me/t8/Jacqueline Oloniceva - Underlash Activewwear/thumb/WW0023.jpg'),
	(121,3,'http://www2.cloudspaceto.me/t8/Jacqueline Oloniceva - Underlash Activewwear/WW0002.jpg','http://www2.cloudspaceto.me/t8/Jacqueline Oloniceva - Underlash Activewwear/thumb/WW0002.jpg'),
	(122,3,'http://www2.cloudspaceto.me/t8/Jacqueline Oloniceva - Underlash Activewwear/WW0030.jpg','http://www2.cloudspaceto.me/t8/Jacqueline Oloniceva - Underlash Activewwear/thumb/WW0030.jpg'),
	(123,3,'http://www2.cloudspaceto.me/t8/Jacqueline Oloniceva - Underlash Activewwear/WW0009.jpg','http://www2.cloudspaceto.me/t8/Jacqueline Oloniceva - Underlash Activewwear/thumb/WW0009.jpg'),
	(124,3,'http://www2.cloudspaceto.me/t8/Jacqueline Oloniceva - Underlash Activewwear/WW0001.jpg','http://www2.cloudspaceto.me/t8/Jacqueline Oloniceva - Underlash Activewwear/thumb/WW0001.jpg'),
	(125,3,'http://www2.cloudspaceto.me/t8/Jacqueline Oloniceva - Underlash Activewwear/WW0045.jpg','http://www2.cloudspaceto.me/t8/Jacqueline Oloniceva - Underlash Activewwear/thumb/WW0045.jpg'),
	(126,3,'http://www2.cloudspaceto.me/t8/Jacqueline Oloniceva - Underlash Activewwear/WW0017.jpg','http://www2.cloudspaceto.me/t8/Jacqueline Oloniceva - Underlash Activewwear/thumb/WW0017.jpg'),
	(127,3,'http://www2.cloudspaceto.me/t8/Jacqueline Oloniceva - Underlash Activewwear/WW0036.jpg','http://www2.cloudspaceto.me/t8/Jacqueline Oloniceva - Underlash Activewwear/thumb/WW0036.jpg'),
	(128,3,'http://www2.cloudspaceto.me/t8/Jacqueline Oloniceva - Underlash Activewwear/WW0071.jpg','http://www2.cloudspaceto.me/t8/Jacqueline Oloniceva - Underlash Activewwear/thumb/WW0071.jpg'),
	(129,3,'http://www2.cloudspaceto.me/t8/Jacqueline Oloniceva - Underlash Activewwear/WW0022.jpg','http://www2.cloudspaceto.me/t8/Jacqueline Oloniceva - Underlash Activewwear/thumb/WW0022.jpg'),
	(130,3,'http://www2.cloudspaceto.me/t8/Jacqueline Oloniceva - Underlash Activewwear/WW0027.jpg','http://www2.cloudspaceto.me/t8/Jacqueline Oloniceva - Underlash Activewwear/thumb/WW0027.jpg'),
	(131,3,'http://www2.cloudspaceto.me/t8/Jacqueline Oloniceva - Underlash Activewwear/WW0048.jpg','http://www2.cloudspaceto.me/t8/Jacqueline Oloniceva - Underlash Activewwear/thumb/WW0048.jpg'),
	(132,3,'http://www2.cloudspaceto.me/t8/Jacqueline Oloniceva - Underlash Activewwear/WW0032.jpg','http://www2.cloudspaceto.me/t8/Jacqueline Oloniceva - Underlash Activewwear/thumb/WW0032.jpg'),
	(133,3,'http://www2.cloudspaceto.me/t8/Jacqueline Oloniceva - Underlash Activewwear/WW0077.jpg','http://www2.cloudspaceto.me/t8/Jacqueline Oloniceva - Underlash Activewwear/thumb/WW0077.jpg'),
	(134,3,'http://www2.cloudspaceto.me/t8/Jacqueline Oloniceva - Underlash Activewwear/WW0050.jpg','http://www2.cloudspaceto.me/t8/Jacqueline Oloniceva - Underlash Activewwear/thumb/WW0050.jpg'),
	(135,3,'http://www2.cloudspaceto.me/t8/Jacqueline Oloniceva - Underlash Activewwear/WW0056.jpg','http://www2.cloudspaceto.me/t8/Jacqueline Oloniceva - Underlash Activewwear/thumb/WW0056.jpg'),
	(136,3,'http://www2.cloudspaceto.me/t8/Jacqueline Oloniceva - Underlash Activewwear/WW0086.jpg','http://www2.cloudspaceto.me/t8/Jacqueline Oloniceva - Underlash Activewwear/thumb/WW0086.jpg'),
	(137,3,'http://www2.cloudspaceto.me/t8/Jacqueline Oloniceva - Underlash Activewwear/WW0043.jpg','http://www2.cloudspaceto.me/t8/Jacqueline Oloniceva - Underlash Activewwear/thumb/WW0043.jpg'),
	(138,3,'http://www2.cloudspaceto.me/t8/Jacqueline Oloniceva - Underlash Activewwear/WW0085.jpg','http://www2.cloudspaceto.me/t8/Jacqueline Oloniceva - Underlash Activewwear/thumb/WW0085.jpg'),
	(139,3,'http://www2.cloudspaceto.me/t8/Jacqueline Oloniceva - Underlash Activewwear/WW0106.jpg','http://www2.cloudspaceto.me/t8/Jacqueline Oloniceva - Underlash Activewwear/thumb/WW0106.jpg'),
	(140,3,'http://www2.cloudspaceto.me/t8/Jacqueline Oloniceva - Underlash Activewwear/WW0115.jpg','http://www2.cloudspaceto.me/t8/Jacqueline Oloniceva - Underlash Activewwear/thumb/WW0115.jpg'),
	(141,3,'http://www2.cloudspaceto.me/t8/Jacqueline Oloniceva - Underlash Activewwear/WW0073.jpg','http://www2.cloudspaceto.me/t8/Jacqueline Oloniceva - Underlash Activewwear/thumb/WW0073.jpg'),
	(142,3,'http://www2.cloudspaceto.me/t8/Jacqueline Oloniceva - Underlash Activewwear/WW0049.jpg','http://www2.cloudspaceto.me/t8/Jacqueline Oloniceva - Underlash Activewwear/thumb/WW0049.jpg'),
	(143,3,'http://www2.cloudspaceto.me/t8/Jacqueline Oloniceva - Underlash Activewwear/WW0052.jpg','http://www2.cloudspaceto.me/t8/Jacqueline Oloniceva - Underlash Activewwear/thumb/WW0052.jpg'),
	(144,3,'http://www2.cloudspaceto.me/t8/Jacqueline Oloniceva - Underlash Activewwear/WW0041.jpg','http://www2.cloudspaceto.me/t8/Jacqueline Oloniceva - Underlash Activewwear/thumb/WW0041.jpg'),
	(145,3,'http://www2.cloudspaceto.me/t8/Jacqueline Oloniceva - Underlash Activewwear/WW0064.jpg','http://www2.cloudspaceto.me/t8/Jacqueline Oloniceva - Underlash Activewwear/thumb/WW0064.jpg'),
	(146,3,'http://www2.cloudspaceto.me/t8/Jacqueline Oloniceva - Underlash Activewwear/WW0094.jpg','http://www2.cloudspaceto.me/t8/Jacqueline Oloniceva - Underlash Activewwear/thumb/WW0094.jpg'),
	(147,3,'http://www2.cloudspaceto.me/t8/Jacqueline Oloniceva - Underlash Activewwear/WW0068.jpg','http://www2.cloudspaceto.me/t8/Jacqueline Oloniceva - Underlash Activewwear/thumb/WW0068.jpg'),
	(148,3,'http://www2.cloudspaceto.me/t8/Jacqueline Oloniceva - Underlash Activewwear/WW0065.jpg','http://www2.cloudspaceto.me/t8/Jacqueline Oloniceva - Underlash Activewwear/thumb/WW0065.jpg'),
	(149,3,'http://www2.cloudspaceto.me/t8/Jacqueline Oloniceva - Underlash Activewwear/WW0087.jpg','http://www2.cloudspaceto.me/t8/Jacqueline Oloniceva - Underlash Activewwear/thumb/WW0087.jpg'),
	(150,3,'http://www2.cloudspaceto.me/t8/Jacqueline Oloniceva - Underlash Activewwear/WW0026.jpg','http://www2.cloudspaceto.me/t8/Jacqueline Oloniceva - Underlash Activewwear/thumb/WW0026.jpg'),
	(151,3,'http://www2.cloudspaceto.me/t8/Jacqueline Oloniceva - Underlash Activewwear/WW0105.jpg','http://www2.cloudspaceto.me/t8/Jacqueline Oloniceva - Underlash Activewwear/thumb/WW0105.jpg'),
	(152,3,'http://www2.cloudspaceto.me/t8/Jacqueline Oloniceva - Underlash Activewwear/WW0098.jpg','http://www2.cloudspaceto.me/t8/Jacqueline Oloniceva - Underlash Activewwear/thumb/WW0098.jpg'),
	(153,3,'http://www2.cloudspaceto.me/t8/Jacqueline Oloniceva - Underlash Activewwear/WW0083.jpg','http://www2.cloudspaceto.me/t8/Jacqueline Oloniceva - Underlash Activewwear/thumb/WW0083.jpg'),
	(154,3,'http://www2.cloudspaceto.me/t8/Jacqueline Oloniceva - Underlash Activewwear/WW0006.jpg','http://www2.cloudspaceto.me/t8/Jacqueline Oloniceva - Underlash Activewwear/thumb/WW0006.jpg'),
	(155,3,'http://www2.cloudspaceto.me/t8/Jacqueline Oloniceva - Underlash Activewwear/WW0096.jpg','http://www2.cloudspaceto.me/t8/Jacqueline Oloniceva - Underlash Activewwear/thumb/WW0096.jpg'),
	(156,3,'http://www2.cloudspaceto.me/t8/Jacqueline Oloniceva - Underlash Activewwear/WW0107.jpg','http://www2.cloudspaceto.me/t8/Jacqueline Oloniceva - Underlash Activewwear/thumb/WW0107.jpg'),
	(157,3,'http://www2.cloudspaceto.me/t8/Jacqueline Oloniceva - Underlash Activewwear/WW0104.jpg','http://www2.cloudspaceto.me/t8/Jacqueline Oloniceva - Underlash Activewwear/thumb/WW0104.jpg'),
	(158,3,'http://www2.cloudspaceto.me/t8/Jacqueline Oloniceva - Underlash Activewwear/WW0053.jpg','http://www2.cloudspaceto.me/t8/Jacqueline Oloniceva - Underlash Activewwear/thumb/WW0053.jpg'),
	(159,3,'http://www2.cloudspaceto.me/t8/Jacqueline Oloniceva - Underlash Activewwear/WW0092.jpg','http://www2.cloudspaceto.me/t8/Jacqueline Oloniceva - Underlash Activewwear/thumb/WW0092.jpg'),
	(160,3,'http://www2.cloudspaceto.me/t8/Jacqueline Oloniceva - Underlash Activewwear/WW0044.jpg','http://www2.cloudspaceto.me/t8/Jacqueline Oloniceva - Underlash Activewwear/thumb/WW0044.jpg'),
	(161,3,'http://www2.cloudspaceto.me/t8/Jacqueline Oloniceva - Underlash Activewwear/WW0004.jpg','http://www2.cloudspaceto.me/t8/Jacqueline Oloniceva - Underlash Activewwear/thumb/WW0004.jpg'),
	(162,3,'http://www2.cloudspaceto.me/t8/Jacqueline Oloniceva - Underlash Activewwear/WW0025.jpg','http://www2.cloudspaceto.me/t8/Jacqueline Oloniceva - Underlash Activewwear/thumb/WW0025.jpg'),
	(163,3,'http://www2.cloudspaceto.me/t8/Jacqueline Oloniceva - Underlash Activewwear/WW0063.jpg','http://www2.cloudspaceto.me/t8/Jacqueline Oloniceva - Underlash Activewwear/thumb/WW0063.jpg'),
	(164,3,'http://www2.cloudspaceto.me/t8/Jacqueline Oloniceva - Underlash Activewwear/WW0076.jpg','http://www2.cloudspaceto.me/t8/Jacqueline Oloniceva - Underlash Activewwear/thumb/WW0076.jpg'),
	(165,3,'http://www2.cloudspaceto.me/t8/Jacqueline Oloniceva - Underlash Activewwear/WW0103.jpg','http://www2.cloudspaceto.me/t8/Jacqueline Oloniceva - Underlash Activewwear/thumb/WW0103.jpg'),
	(166,3,'http://www2.cloudspaceto.me/t8/Jacqueline Oloniceva - Underlash Activewwear/WW0029.jpg','http://www2.cloudspaceto.me/t8/Jacqueline Oloniceva - Underlash Activewwear/thumb/WW0029.jpg'),
	(167,3,'http://www2.cloudspaceto.me/t8/Jacqueline Oloniceva - Underlash Activewwear/WW0020.jpg','http://www2.cloudspaceto.me/t8/Jacqueline Oloniceva - Underlash Activewwear/thumb/WW0020.jpg'),
	(168,3,'http://www2.cloudspaceto.me/t8/Jacqueline Oloniceva - Underlash Activewwear/WW0116.jpg','http://www2.cloudspaceto.me/t8/Jacqueline Oloniceva - Underlash Activewwear/thumb/WW0116.jpg'),
	(169,3,'http://www2.cloudspaceto.me/t8/Jacqueline Oloniceva - Underlash Activewwear/WW0108.jpg','http://www2.cloudspaceto.me/t8/Jacqueline Oloniceva - Underlash Activewwear/thumb/WW0108.jpg'),
	(170,3,'http://www2.cloudspaceto.me/t8/Jacqueline Oloniceva - Underlash Activewwear/WW0112.jpg','http://www2.cloudspaceto.me/t8/Jacqueline Oloniceva - Underlash Activewwear/thumb/WW0112.jpg'),
	(171,3,'http://www2.cloudspaceto.me/t8/Jacqueline Oloniceva - Underlash Activewwear/WW0007.jpg','http://www2.cloudspaceto.me/t8/Jacqueline Oloniceva - Underlash Activewwear/thumb/WW0007.jpg'),
	(172,4,'http://www2.cloudspaceto.me/t8/Maya Stepper - Gooseberry Intimates/WW0005.jpg','http://www2.cloudspaceto.me/t8/Maya Stepper - Gooseberry Intimates/thumb/WW0005.jpg'),
	(173,4,'http://www2.cloudspaceto.me/t8/Maya Stepper - Gooseberry Intimates/WW0033.jpg','http://www2.cloudspaceto.me/t8/Maya Stepper - Gooseberry Intimates/thumb/WW0033.jpg'),
	(174,4,'http://www2.cloudspaceto.me/t8/Maya Stepper - Gooseberry Intimates/WW0035.jpg','http://www2.cloudspaceto.me/t8/Maya Stepper - Gooseberry Intimates/thumb/WW0035.jpg'),
	(175,4,'http://www2.cloudspaceto.me/t8/Maya Stepper - Gooseberry Intimates/WW0014.jpg','http://www2.cloudspaceto.me/t8/Maya Stepper - Gooseberry Intimates/thumb/WW0014.jpg'),
	(176,4,'http://www2.cloudspaceto.me/t8/Maya Stepper - Gooseberry Intimates/WW0031.jpg','http://www2.cloudspaceto.me/t8/Maya Stepper - Gooseberry Intimates/thumb/WW0031.jpg'),
	(177,4,'http://www2.cloudspaceto.me/t8/Maya Stepper - Gooseberry Intimates/WW0021.jpg','http://www2.cloudspaceto.me/t8/Maya Stepper - Gooseberry Intimates/thumb/WW0021.jpg'),
	(178,4,'http://www2.cloudspaceto.me/t8/Maya Stepper - Gooseberry Intimates/WW0038.jpg','http://www2.cloudspaceto.me/t8/Maya Stepper - Gooseberry Intimates/thumb/WW0038.jpg'),
	(179,4,'http://www2.cloudspaceto.me/t8/Maya Stepper - Gooseberry Intimates/WW0024.jpg','http://www2.cloudspaceto.me/t8/Maya Stepper - Gooseberry Intimates/thumb/WW0024.jpg'),
	(180,4,'http://www2.cloudspaceto.me/t8/Maya Stepper - Gooseberry Intimates/WW0040.jpg','http://www2.cloudspaceto.me/t8/Maya Stepper - Gooseberry Intimates/thumb/WW0040.jpg'),
	(181,4,'http://www2.cloudspaceto.me/t8/Maya Stepper - Gooseberry Intimates/WW0011.jpg','http://www2.cloudspaceto.me/t8/Maya Stepper - Gooseberry Intimates/thumb/WW0011.jpg'),
	(182,4,'http://www2.cloudspaceto.me/t8/Maya Stepper - Gooseberry Intimates/WW0034.jpg','http://www2.cloudspaceto.me/t8/Maya Stepper - Gooseberry Intimates/thumb/WW0034.jpg'),
	(183,4,'http://www2.cloudspaceto.me/t8/Maya Stepper - Gooseberry Intimates/WW0010.jpg','http://www2.cloudspaceto.me/t8/Maya Stepper - Gooseberry Intimates/thumb/WW0010.jpg'),
	(184,4,'http://www2.cloudspaceto.me/t8/Maya Stepper - Gooseberry Intimates/WW0016.jpg','http://www2.cloudspaceto.me/t8/Maya Stepper - Gooseberry Intimates/thumb/WW0016.jpg'),
	(185,4,'http://www2.cloudspaceto.me/t8/Maya Stepper - Gooseberry Intimates/WW0003.jpg','http://www2.cloudspaceto.me/t8/Maya Stepper - Gooseberry Intimates/thumb/WW0003.jpg'),
	(186,4,'http://www2.cloudspaceto.me/t8/Maya Stepper - Gooseberry Intimates/WW0008.jpg','http://www2.cloudspaceto.me/t8/Maya Stepper - Gooseberry Intimates/thumb/WW0008.jpg'),
	(187,4,'http://www2.cloudspaceto.me/t8/Maya Stepper - Gooseberry Intimates/WW0012.jpg','http://www2.cloudspaceto.me/t8/Maya Stepper - Gooseberry Intimates/thumb/WW0012.jpg'),
	(188,4,'http://www2.cloudspaceto.me/t8/Maya Stepper - Gooseberry Intimates/WW0015.jpg','http://www2.cloudspaceto.me/t8/Maya Stepper - Gooseberry Intimates/thumb/WW0015.jpg'),
	(189,4,'http://www2.cloudspaceto.me/t8/Maya Stepper - Gooseberry Intimates/WW0037.jpg','http://www2.cloudspaceto.me/t8/Maya Stepper - Gooseberry Intimates/thumb/WW0037.jpg'),
	(190,4,'http://www2.cloudspaceto.me/t8/Maya Stepper - Gooseberry Intimates/WW0042.jpg','http://www2.cloudspaceto.me/t8/Maya Stepper - Gooseberry Intimates/thumb/WW0042.jpg'),
	(191,4,'http://www2.cloudspaceto.me/t8/Maya Stepper - Gooseberry Intimates/WW0028.jpg','http://www2.cloudspaceto.me/t8/Maya Stepper - Gooseberry Intimates/thumb/WW0028.jpg'),
	(192,4,'http://www2.cloudspaceto.me/t8/Maya Stepper - Gooseberry Intimates/WW0018.jpg','http://www2.cloudspaceto.me/t8/Maya Stepper - Gooseberry Intimates/thumb/WW0018.jpg'),
	(193,4,'http://www2.cloudspaceto.me/t8/Maya Stepper - Gooseberry Intimates/WW0013.jpg','http://www2.cloudspaceto.me/t8/Maya Stepper - Gooseberry Intimates/thumb/WW0013.jpg'),
	(194,4,'http://www2.cloudspaceto.me/t8/Maya Stepper - Gooseberry Intimates/WW0039.jpg','http://www2.cloudspaceto.me/t8/Maya Stepper - Gooseberry Intimates/thumb/WW0039.jpg'),
	(195,4,'http://www2.cloudspaceto.me/t8/Maya Stepper - Gooseberry Intimates/WW0019.jpg','http://www2.cloudspaceto.me/t8/Maya Stepper - Gooseberry Intimates/thumb/WW0019.jpg'),
	(196,4,'http://www2.cloudspaceto.me/t8/Maya Stepper - Gooseberry Intimates/WW0023.jpg','http://www2.cloudspaceto.me/t8/Maya Stepper - Gooseberry Intimates/thumb/WW0023.jpg'),
	(197,4,'http://www2.cloudspaceto.me/t8/Maya Stepper - Gooseberry Intimates/WW0002.jpg','http://www2.cloudspaceto.me/t8/Maya Stepper - Gooseberry Intimates/thumb/WW0002.jpg'),
	(198,4,'http://www2.cloudspaceto.me/t8/Maya Stepper - Gooseberry Intimates/WW0030.jpg','http://www2.cloudspaceto.me/t8/Maya Stepper - Gooseberry Intimates/thumb/WW0030.jpg'),
	(199,4,'http://www2.cloudspaceto.me/t8/Maya Stepper - Gooseberry Intimates/WW0009.jpg','http://www2.cloudspaceto.me/t8/Maya Stepper - Gooseberry Intimates/thumb/WW0009.jpg'),
	(200,4,'http://www2.cloudspaceto.me/t8/Maya Stepper - Gooseberry Intimates/WW0001.jpg','http://www2.cloudspaceto.me/t8/Maya Stepper - Gooseberry Intimates/thumb/WW0001.jpg'),
	(201,4,'http://www2.cloudspaceto.me/t8/Maya Stepper - Gooseberry Intimates/WW0017.jpg','http://www2.cloudspaceto.me/t8/Maya Stepper - Gooseberry Intimates/thumb/WW0017.jpg'),
	(202,4,'http://www2.cloudspaceto.me/t8/Maya Stepper - Gooseberry Intimates/WW0036.jpg','http://www2.cloudspaceto.me/t8/Maya Stepper - Gooseberry Intimates/thumb/WW0036.jpg'),
	(203,4,'http://www2.cloudspaceto.me/t8/Maya Stepper - Gooseberry Intimates/WW0022.jpg','http://www2.cloudspaceto.me/t8/Maya Stepper - Gooseberry Intimates/thumb/WW0022.jpg'),
	(204,4,'http://www2.cloudspaceto.me/t8/Maya Stepper - Gooseberry Intimates/WW0027.jpg','http://www2.cloudspaceto.me/t8/Maya Stepper - Gooseberry Intimates/thumb/WW0027.jpg'),
	(205,4,'http://www2.cloudspaceto.me/t8/Maya Stepper - Gooseberry Intimates/WW0032.jpg','http://www2.cloudspaceto.me/t8/Maya Stepper - Gooseberry Intimates/thumb/WW0032.jpg'),
	(206,4,'http://www2.cloudspaceto.me/t8/Maya Stepper - Gooseberry Intimates/WW0041.jpg','http://www2.cloudspaceto.me/t8/Maya Stepper - Gooseberry Intimates/thumb/WW0041.jpg'),
	(207,4,'http://www2.cloudspaceto.me/t8/Maya Stepper - Gooseberry Intimates/WW0026.jpg','http://www2.cloudspaceto.me/t8/Maya Stepper - Gooseberry Intimates/thumb/WW0026.jpg'),
	(208,4,'http://www2.cloudspaceto.me/t8/Maya Stepper - Gooseberry Intimates/WW0006.jpg','http://www2.cloudspaceto.me/t8/Maya Stepper - Gooseberry Intimates/thumb/WW0006.jpg'),
	(209,4,'http://www2.cloudspaceto.me/t8/Maya Stepper - Gooseberry Intimates/WW0004.jpg','http://www2.cloudspaceto.me/t8/Maya Stepper - Gooseberry Intimates/thumb/WW0004.jpg'),
	(210,4,'http://www2.cloudspaceto.me/t8/Maya Stepper - Gooseberry Intimates/WW0025.jpg','http://www2.cloudspaceto.me/t8/Maya Stepper - Gooseberry Intimates/thumb/WW0025.jpg'),
	(211,4,'http://www2.cloudspaceto.me/t8/Maya Stepper - Gooseberry Intimates/WW0029.jpg','http://www2.cloudspaceto.me/t8/Maya Stepper - Gooseberry Intimates/thumb/WW0029.jpg'),
	(212,4,'http://www2.cloudspaceto.me/t8/Maya Stepper - Gooseberry Intimates/WW0020.jpg','http://www2.cloudspaceto.me/t8/Maya Stepper - Gooseberry Intimates/thumb/WW0020.jpg'),
	(213,4,'http://www2.cloudspaceto.me/t8/Maya Stepper - Gooseberry Intimates/WW0007.jpg','http://www2.cloudspaceto.me/t8/Maya Stepper - Gooseberry Intimates/thumb/WW0007.jpg'),
	(214,5,'http://www2.cloudspaceto.me/t8/Paula Bulczynska - Parah Lingerie Irresistible Collection Fall-Winter 2015/WW0005.jpg','http://www2.cloudspaceto.me/t8/Paula Bulczynska - Parah Lingerie Irresistible Collection Fall-Winter 2015/thumb/WW0005.jpg'),
	(215,5,'http://www2.cloudspaceto.me/t8/Paula Bulczynska - Parah Lingerie Irresistible Collection Fall-Winter 2015/WW0014.jpg','http://www2.cloudspaceto.me/t8/Paula Bulczynska - Parah Lingerie Irresistible Collection Fall-Winter 2015/thumb/WW0014.jpg'),
	(216,5,'http://www2.cloudspaceto.me/t8/Paula Bulczynska - Parah Lingerie Irresistible Collection Fall-Winter 2015/WW0021.jpg','http://www2.cloudspaceto.me/t8/Paula Bulczynska - Parah Lingerie Irresistible Collection Fall-Winter 2015/thumb/WW0021.jpg'),
	(217,5,'http://www2.cloudspaceto.me/t8/Paula Bulczynska - Parah Lingerie Irresistible Collection Fall-Winter 2015/WW0024.jpg','http://www2.cloudspaceto.me/t8/Paula Bulczynska - Parah Lingerie Irresistible Collection Fall-Winter 2015/thumb/WW0024.jpg'),
	(218,5,'http://www2.cloudspaceto.me/t8/Paula Bulczynska - Parah Lingerie Irresistible Collection Fall-Winter 2015/WW0011.jpg','http://www2.cloudspaceto.me/t8/Paula Bulczynska - Parah Lingerie Irresistible Collection Fall-Winter 2015/thumb/WW0011.jpg'),
	(219,5,'http://www2.cloudspaceto.me/t8/Paula Bulczynska - Parah Lingerie Irresistible Collection Fall-Winter 2015/WW0010.jpg','http://www2.cloudspaceto.me/t8/Paula Bulczynska - Parah Lingerie Irresistible Collection Fall-Winter 2015/thumb/WW0010.jpg'),
	(220,5,'http://www2.cloudspaceto.me/t8/Paula Bulczynska - Parah Lingerie Irresistible Collection Fall-Winter 2015/WW0016.jpg','http://www2.cloudspaceto.me/t8/Paula Bulczynska - Parah Lingerie Irresistible Collection Fall-Winter 2015/thumb/WW0016.jpg'),
	(221,5,'http://www2.cloudspaceto.me/t8/Paula Bulczynska - Parah Lingerie Irresistible Collection Fall-Winter 2015/WW0003.jpg','http://www2.cloudspaceto.me/t8/Paula Bulczynska - Parah Lingerie Irresistible Collection Fall-Winter 2015/thumb/WW0003.jpg'),
	(222,5,'http://www2.cloudspaceto.me/t8/Paula Bulczynska - Parah Lingerie Irresistible Collection Fall-Winter 2015/WW0008.jpg','http://www2.cloudspaceto.me/t8/Paula Bulczynska - Parah Lingerie Irresistible Collection Fall-Winter 2015/thumb/WW0008.jpg'),
	(223,5,'http://www2.cloudspaceto.me/t8/Paula Bulczynska - Parah Lingerie Irresistible Collection Fall-Winter 2015/WW0012.jpg','http://www2.cloudspaceto.me/t8/Paula Bulczynska - Parah Lingerie Irresistible Collection Fall-Winter 2015/thumb/WW0012.jpg'),
	(224,5,'http://www2.cloudspaceto.me/t8/Paula Bulczynska - Parah Lingerie Irresistible Collection Fall-Winter 2015/WW0015.jpg','http://www2.cloudspaceto.me/t8/Paula Bulczynska - Parah Lingerie Irresistible Collection Fall-Winter 2015/thumb/WW0015.jpg'),
	(225,5,'http://www2.cloudspaceto.me/t8/Paula Bulczynska - Parah Lingerie Irresistible Collection Fall-Winter 2015/WW0028.jpg','http://www2.cloudspaceto.me/t8/Paula Bulczynska - Parah Lingerie Irresistible Collection Fall-Winter 2015/thumb/WW0028.jpg'),
	(226,5,'http://www2.cloudspaceto.me/t8/Paula Bulczynska - Parah Lingerie Irresistible Collection Fall-Winter 2015/WW0018.jpg','http://www2.cloudspaceto.me/t8/Paula Bulczynska - Parah Lingerie Irresistible Collection Fall-Winter 2015/thumb/WW0018.jpg'),
	(227,5,'http://www2.cloudspaceto.me/t8/Paula Bulczynska - Parah Lingerie Irresistible Collection Fall-Winter 2015/WW0013.jpg','http://www2.cloudspaceto.me/t8/Paula Bulczynska - Parah Lingerie Irresistible Collection Fall-Winter 2015/thumb/WW0013.jpg'),
	(228,5,'http://www2.cloudspaceto.me/t8/Paula Bulczynska - Parah Lingerie Irresistible Collection Fall-Winter 2015/WW0019.jpg','http://www2.cloudspaceto.me/t8/Paula Bulczynska - Parah Lingerie Irresistible Collection Fall-Winter 2015/thumb/WW0019.jpg'),
	(229,5,'http://www2.cloudspaceto.me/t8/Paula Bulczynska - Parah Lingerie Irresistible Collection Fall-Winter 2015/WW0023.jpg','http://www2.cloudspaceto.me/t8/Paula Bulczynska - Parah Lingerie Irresistible Collection Fall-Winter 2015/thumb/WW0023.jpg'),
	(230,5,'http://www2.cloudspaceto.me/t8/Paula Bulczynska - Parah Lingerie Irresistible Collection Fall-Winter 2015/WW0002.jpg','http://www2.cloudspaceto.me/t8/Paula Bulczynska - Parah Lingerie Irresistible Collection Fall-Winter 2015/thumb/WW0002.jpg'),
	(231,5,'http://www2.cloudspaceto.me/t8/Paula Bulczynska - Parah Lingerie Irresistible Collection Fall-Winter 2015/WW0009.jpg','http://www2.cloudspaceto.me/t8/Paula Bulczynska - Parah Lingerie Irresistible Collection Fall-Winter 2015/thumb/WW0009.jpg'),
	(232,5,'http://www2.cloudspaceto.me/t8/Paula Bulczynska - Parah Lingerie Irresistible Collection Fall-Winter 2015/WW0001.jpg','http://www2.cloudspaceto.me/t8/Paula Bulczynska - Parah Lingerie Irresistible Collection Fall-Winter 2015/thumb/WW0001.jpg'),
	(233,5,'http://www2.cloudspaceto.me/t8/Paula Bulczynska - Parah Lingerie Irresistible Collection Fall-Winter 2015/WW0017.jpg','http://www2.cloudspaceto.me/t8/Paula Bulczynska - Parah Lingerie Irresistible Collection Fall-Winter 2015/thumb/WW0017.jpg'),
	(234,5,'http://www2.cloudspaceto.me/t8/Paula Bulczynska - Parah Lingerie Irresistible Collection Fall-Winter 2015/WW0022.jpg','http://www2.cloudspaceto.me/t8/Paula Bulczynska - Parah Lingerie Irresistible Collection Fall-Winter 2015/thumb/WW0022.jpg'),
	(235,5,'http://www2.cloudspaceto.me/t8/Paula Bulczynska - Parah Lingerie Irresistible Collection Fall-Winter 2015/WW0027.jpg','http://www2.cloudspaceto.me/t8/Paula Bulczynska - Parah Lingerie Irresistible Collection Fall-Winter 2015/thumb/WW0027.jpg'),
	(236,5,'http://www2.cloudspaceto.me/t8/Paula Bulczynska - Parah Lingerie Irresistible Collection Fall-Winter 2015/WW0026.jpg','http://www2.cloudspaceto.me/t8/Paula Bulczynska - Parah Lingerie Irresistible Collection Fall-Winter 2015/thumb/WW0026.jpg'),
	(237,5,'http://www2.cloudspaceto.me/t8/Paula Bulczynska - Parah Lingerie Irresistible Collection Fall-Winter 2015/WW0006.jpg','http://www2.cloudspaceto.me/t8/Paula Bulczynska - Parah Lingerie Irresistible Collection Fall-Winter 2015/thumb/WW0006.jpg'),
	(238,5,'http://www2.cloudspaceto.me/t8/Paula Bulczynska - Parah Lingerie Irresistible Collection Fall-Winter 2015/WW0004.jpg','http://www2.cloudspaceto.me/t8/Paula Bulczynska - Parah Lingerie Irresistible Collection Fall-Winter 2015/thumb/WW0004.jpg'),
	(239,5,'http://www2.cloudspaceto.me/t8/Paula Bulczynska - Parah Lingerie Irresistible Collection Fall-Winter 2015/WW0025.jpg','http://www2.cloudspaceto.me/t8/Paula Bulczynska - Parah Lingerie Irresistible Collection Fall-Winter 2015/thumb/WW0025.jpg'),
	(240,5,'http://www2.cloudspaceto.me/t8/Paula Bulczynska - Parah Lingerie Irresistible Collection Fall-Winter 2015/WW0029.jpg','http://www2.cloudspaceto.me/t8/Paula Bulczynska - Parah Lingerie Irresistible Collection Fall-Winter 2015/thumb/WW0029.jpg'),
	(241,5,'http://www2.cloudspaceto.me/t8/Paula Bulczynska - Parah Lingerie Irresistible Collection Fall-Winter 2015/WW0020.jpg','http://www2.cloudspaceto.me/t8/Paula Bulczynska - Parah Lingerie Irresistible Collection Fall-Winter 2015/thumb/WW0020.jpg'),
	(242,5,'http://www2.cloudspaceto.me/t8/Paula Bulczynska - Parah Lingerie Irresistible Collection Fall-Winter 2015/WW0007.jpg','http://www2.cloudspaceto.me/t8/Paula Bulczynska - Parah Lingerie Irresistible Collection Fall-Winter 2015/thumb/WW0007.jpg');

/*!40000 ALTER TABLE `photo` ENABLE KEYS */;
UNLOCK TABLES;


# Dump of table photograph
# ------------------------------------------------------------

DROP TABLE IF EXISTS `photograph`;

CREATE TABLE `photograph` (
  `id` int(11) unsigned NOT NULL AUTO_INCREMENT,
  `name` varchar(255) NOT NULL DEFAULT '',
  PRIMARY KEY (`id`)
) ENGINE=InnoDB DEFAULT CHARSET=utf8;

LOCK TABLES `photograph` WRITE;
/*!40000 ALTER TABLE `photograph` DISABLE KEYS */;

INSERT INTO `photograph` (`id`, `name`)
VALUES
	(1,'greater flamingos'),
	(2,'phoenicopterus'),
	(3,'bird'),
	(4,'exterior'),
	(5,'fenicottero'),
	(6,'italy'),
	(7,'outside pink'),
	(8,'roberto melotti'),
	(9,'Nick'),
	(10,'Dilan'),
	(11,'Jim'),
	(12,'Grayson Hoffman'),
	(13,'Gilles Bensimon'),
	(14,'Underlash Activewwear'),
	(15,'Gooseberry Intimates'),
	(16,'Parah Lingerie');

/*!40000 ALTER TABLE `photograph` ENABLE KEYS */;
UNLOCK TABLES;


# Dump of table place
# ------------------------------------------------------------

DROP TABLE IF EXISTS `place`;

CREATE TABLE `place` (
  `id` int(11) unsigned NOT NULL AUTO_INCREMENT,
  `city_id` int(11) unsigned NOT NULL,
  `name` varchar(255) DEFAULT NULL,
  `logo` varchar(255) DEFAULT NULL,
  PRIMARY KEY (`id`),
  KEY `country_id` (`city_id`),
  CONSTRAINT `place_ibfk_1` FOREIGN KEY (`city_id`) REFERENCES `city` (`id`) ON DELETE CASCADE ON UPDATE CASCADE
) ENGINE=InnoDB DEFAULT CHARSET=utf8;

LOCK TABLES `place` WRITE;
/*!40000 ALTER TABLE `place` DISABLE KEYS */;

INSERT INTO `place` (`id`, `city_id`, `name`, `logo`)
VALUES
	(1,2,'Angkor Wat','http://www2.cloudspaceto.me/t8/places/city1.jpg'),
	(2,2,'Bayon temple complex',NULL),
	(3,4,'Cathedral of the Resurrection',NULL),
	(4,5,'Lincoln Memorial',NULL),
	(5,7,'NightClub',NULL),
	(6,6,'Uniun Nightclub',NULL),
	(7,6,'Brittany Oldehoff',NULL),
	(8,6,'Ginta Lapina',NULL),
	(9,6,'Jacqueline Oloniceva',NULL),
	(10,6,'Maya Stepper',NULL),
	(11,6,'Paula Bulczynska',NULL);

/*!40000 ALTER TABLE `place` ENABLE KEYS */;
UNLOCK TABLES;



/*!40111 SET SQL_NOTES=@OLD_SQL_NOTES */;
/*!40101 SET SQL_MODE=@OLD_SQL_MODE */;
/*!40014 SET FOREIGN_KEY_CHECKS=@OLD_FOREIGN_KEY_CHECKS */;
/*!40101 SET CHARACTER_SET_CLIENT=@OLD_CHARACTER_SET_CLIENT */;
/*!40101 SET CHARACTER_SET_RESULTS=@OLD_CHARACTER_SET_RESULTS */;
/*!40101 SET COLLATION_CONNECTION=@OLD_COLLATION_CONNECTION */;
