# ************************************************************
# Sequel Pro SQL dump
# Version 4541
#
# http://www.sequelpro.com/
# https://github.com/sequelpro/sequelpro
#
# Host: 192.168.99.100 (MySQL 5.6.33)
# Database: ongo_test
# Generation Time: 2016-10-03 13:49:16 +0000
# ************************************************************


/*!40101 SET @OLD_CHARACTER_SET_CLIENT=@@CHARACTER_SET_CLIENT */;
/*!40101 SET @OLD_CHARACTER_SET_RESULTS=@@CHARACTER_SET_RESULTS */;
/*!40101 SET @OLD_COLLATION_CONNECTION=@@COLLATION_CONNECTION */;
/*!40101 SET NAMES utf8 */;
/*!40014 SET @OLD_FOREIGN_KEY_CHECKS=@@FOREIGN_KEY_CHECKS, FOREIGN_KEY_CHECKS=0 */;
/*!40101 SET @OLD_SQL_MODE=@@SQL_MODE, SQL_MODE='NO_AUTO_VALUE_ON_ZERO' */;
/*!40111 SET @OLD_SQL_NOTES=@@SQL_NOTES, SQL_NOTES=0 */;


# Dump of table city
# ------------------------------------------------------------

DROP TABLE IF EXISTS `city`;

CREATE TABLE `city` (
  `id` int(11) unsigned NOT NULL AUTO_INCREMENT,
  `country_id` int(11) unsigned NOT NULL,
  `name` varchar(255) DEFAULT NULL,
  `logo` varchar(255) DEFAULT NULL,
  PRIMARY KEY (`id`),
  KEY `country_id` (`country_id`),
  CONSTRAINT `city_ibfk_1` FOREIGN KEY (`country_id`) REFERENCES `country` (`id`) ON DELETE CASCADE ON UPDATE CASCADE
) ENGINE=InnoDB DEFAULT CHARSET=utf8;

LOCK TABLES `city` WRITE;
/*!40000 ALTER TABLE `city` DISABLE KEYS */;

INSERT INTO `city` (`id`, `country_id`, `name`, `logo`)
VALUES
	(2,1,'Siem Reap','/img/city2.jpg'),
	(4,2,'Petersburg',NULL),
	(5,3,'Washington',NULL),
	(6,3,'Toronto',NULL),
	(7,3,'Miami',NULL);

/*!40000 ALTER TABLE `city` ENABLE KEYS */;
UNLOCK TABLES;


# Dump of table country
# ------------------------------------------------------------

DROP TABLE IF EXISTS `country`;

CREATE TABLE `country` (
  `id` int(11) unsigned NOT NULL AUTO_INCREMENT,
  `name` varchar(255) DEFAULT NULL,
  `logo` varchar(255) DEFAULT NULL,
  `flag` varchar(255) DEFAULT NULL,
  PRIMARY KEY (`id`)
) ENGINE=InnoDB DEFAULT CHARSET=utf8;

LOCK TABLES `country` WRITE;
/*!40000 ALTER TABLE `country` DISABLE KEYS */;

INSERT INTO `country` (`id`, `name`, `logo`, `flag`)
VALUES
	(1,'Cambodia','/img/city3.jpg',NULL),
	(2,'Russian Federation','/img/country/bg/ru.jpg','/img/country/flag/ru.png'),
	(3,'USA',NULL,NULL);

/*!40000 ALTER TABLE `country` ENABLE KEYS */;
UNLOCK TABLES;


# Dump of table gallery
# ------------------------------------------------------------

DROP TABLE IF EXISTS `gallery`;

CREATE TABLE `gallery` (
  `id` int(11) unsigned NOT NULL AUTO_INCREMENT,
  `created` timestamp NOT NULL DEFAULT CURRENT_TIMESTAMP ON UPDATE CURRENT_TIMESTAMP,
  `place_id` int(11) unsigned NOT NULL,
  `photograph_id` int(10) unsigned NOT NULL,
  `description` text,
  PRIMARY KEY (`id`),
  KEY `photograph_id` (`photograph_id`),
  KEY `place_id` (`place_id`),
  CONSTRAINT `gallery_ibfk_1` FOREIGN KEY (`photograph_id`) REFERENCES `photograph` (`id`) ON DELETE CASCADE ON UPDATE CASCADE,
  CONSTRAINT `gallery_ibfk_2` FOREIGN KEY (`place_id`) REFERENCES `place` (`id`) ON DELETE CASCADE ON UPDATE CASCADE
) ENGINE=InnoDB DEFAULT CHARSET=utf8;

LOCK TABLES `gallery` WRITE;
/*!40000 ALTER TABLE `gallery` DISABLE KEYS */;

INSERT INTO `gallery` (`id`, `created`, `place_id`, `photograph_id`, `description`)
VALUES
	(5,'2016-06-13 18:40:36',11,16,NULL),
	(1019,'2016-06-30 22:07:21',3,8,'www2.anamain.com/t8/Candice Swanepoel - Free People July 2014 (Repost)'),
	(1020,'2016-06-30 22:07:21',3,8,'www2.anamain.com/t8/Prestin Obradovich - Russ Elloway photoshoot'),
	(1021,'2016-06-30 22:07:21',3,8,'www2.anamain.com/t8/Prestin Obradovich - Lee + Lani collection'),
	(1022,'2016-06-30 22:07:21',3,8,'www2.anamain.com/t8/Daniela Lopez Osorio - Stephan Wurth Photoshoot 2016'),
	(1023,'2016-06-30 22:07:21',3,8,'www2.anamain.com/t8/Kiernan Shipka - Kristian Schuller Photoshoot for  Carolina Herrera Resort 2017'),
	(1024,'2016-06-30 22:07:21',3,8,'www2.anamain.com/t8/Rosie Huntington-Whiteley - Russell James Photoshoot 2016');

/*!40000 ALTER TABLE `gallery` ENABLE KEYS */;
UNLOCK TABLES;


# Dump of table order
# ------------------------------------------------------------

DROP TABLE IF EXISTS `order`;

CREATE TABLE `order` (
  `id` varchar(255) NOT NULL DEFAULT '',
  `created` timestamp NOT NULL DEFAULT CURRENT_TIMESTAMP,
  `user_id` int(11) unsigned NOT NULL,
  `payload` longtext NOT NULL,
  `status` varchar(255) NOT NULL DEFAULT 'new',
  PRIMARY KEY (`id`),
  KEY `user_id` (`user_id`),
  CONSTRAINT `order_ibfk_1` FOREIGN KEY (`user_id`) REFERENCES `user` (`id`)
) ENGINE=InnoDB DEFAULT CHARSET=utf8;

LOCK TABLES `order` WRITE;
/*!40000 ALTER TABLE `order` DISABLE KEYS */;

INSERT INTO `order` (`id`, `created`, `user_id`, `payload`, `status`)
VALUES
	('57e3f11ec6685','2016-09-22 14:56:30',1,'a:2:{s:5:\"items\";a:2:{i:456;a:5:{s:8:\"photo_id\";i:456;s:10:\"gallery_id\";i:1019;s:10:\"resolution\";s:4:\"best\";s:5:\"photo\";a:5:{s:2:\"id\";i:456;s:10:\"gallery_id\";i:1019;s:3:\"src\";s:88:\"http://www2.anamain.com/t8/Candice Swanepoel - Free People July 2014 (Repost)/MM0034.jpg\";s:5:\"thumb\";s:94:\"http://www2.anamain.com/t8/Candice Swanepoel - Free People July 2014 (Repost)/thumb/MM0034.jpg\";s:3:\"ico\";s:98:\"http://www2.anamain.com/t8/Candice Swanepoel - Free People July 2014 (Repost)/thumb/ico_MM0034.jpg\";}s:7:\"gallery\";a:8:{s:2:\"id\";s:4:\"1019\";s:7:\"created\";s:19:\"2016-06-30 22:07:21\";s:8:\"place_id\";s:1:\"3\";s:13:\"photograph_id\";s:1:\"8\";s:12:\"photographer\";a:3:{s:2:\"id\";s:1:\"8\";s:4:\"name\";s:15:\"roberto melotti\";s:5:\"photo\";N;}s:5:\"place\";a:4:{s:2:\"id\";s:1:\"3\";s:4:\"name\";s:29:\"Cathedral of the Resurrection\";s:7:\"city_id\";s:1:\"4\";s:4:\"logo\";N;}s:4:\"city\";a:4:{s:2:\"id\";s:1:\"4\";s:4:\"name\";s:10:\"Petersburg\";s:10:\"country_id\";s:1:\"2\";s:4:\"logo\";N;}s:7:\"country\";a:4:{s:2:\"id\";s:1:\"2\";s:4:\"name\";s:18:\"Russian Federation\";s:4:\"logo\";s:22:\"/img/country/bg/ru.jpg\";s:4:\"flag\";s:24:\"/img/country/flag/ru.png\";}}}i:535;a:5:{s:8:\"photo_id\";i:535;s:10:\"gallery_id\";i:1024;s:10:\"resolution\";s:4:\"best\";s:5:\"photo\";a:5:{s:2:\"id\";i:535;s:10:\"gallery_id\";i:1024;s:3:\"src\";s:90:\"http://www2.anamain.com/t8/Rosie Huntington-Whiteley - Russell James Photoshoot 2016/3.jpg\";s:5:\"thumb\";s:96:\"http://www2.anamain.com/t8/Rosie Huntington-Whiteley - Russell James Photoshoot 2016/thumb/3.jpg\";s:3:\"ico\";s:100:\"http://www2.anamain.com/t8/Rosie Huntington-Whiteley - Russell James Photoshoot 2016/thumb/ico_3.jpg\";}s:7:\"gallery\";a:0:{}}}s:5:\"total\";i:500;}','new'),
	('57e500b547593','2016-10-03 12:33:48',1,'a:2:{s:5:\"items\";a:2:{i:456;a:5:{s:8:\"photo_id\";i:456;s:10:\"gallery_id\";i:1019;s:10:\"resolution\";s:4:\"best\";s:5:\"photo\";a:5:{s:2:\"id\";i:456;s:10:\"gallery_id\";i:1019;s:3:\"src\";s:88:\"http://www2.anamain.com/t8/Candice Swanepoel - Free People July 2014 (Repost)/MM0034.jpg\";s:5:\"thumb\";s:94:\"http://www2.anamain.com/t8/Candice Swanepoel - Free People July 2014 (Repost)/thumb/MM0034.jpg\";s:3:\"ico\";s:98:\"http://www2.anamain.com/t8/Candice Swanepoel - Free People July 2014 (Repost)/thumb/ico_MM0034.jpg\";}s:7:\"gallery\";a:8:{s:2:\"id\";s:4:\"1019\";s:7:\"created\";s:19:\"2016-06-30 22:07:21\";s:8:\"place_id\";s:1:\"3\";s:13:\"photograph_id\";s:1:\"8\";s:12:\"photographer\";a:3:{s:2:\"id\";s:1:\"8\";s:4:\"name\";s:15:\"roberto melotti\";s:5:\"photo\";N;}s:5:\"place\";a:4:{s:2:\"id\";s:1:\"3\";s:4:\"name\";s:29:\"Cathedral of the Resurrection\";s:7:\"city_id\";s:1:\"4\";s:4:\"logo\";N;}s:4:\"city\";a:4:{s:2:\"id\";s:1:\"4\";s:4:\"name\";s:10:\"Petersburg\";s:10:\"country_id\";s:1:\"2\";s:4:\"logo\";N;}s:7:\"country\";a:4:{s:2:\"id\";s:1:\"2\";s:4:\"name\";s:18:\"Russian Federation\";s:4:\"logo\";s:22:\"/img/country/bg/ru.jpg\";s:4:\"flag\";s:24:\"/img/country/flag/ru.png\";}}}i:535;a:5:{s:8:\"photo_id\";i:535;s:10:\"gallery_id\";i:1024;s:10:\"resolution\";s:4:\"best\";s:5:\"photo\";a:5:{s:2:\"id\";i:535;s:10:\"gallery_id\";i:1024;s:3:\"src\";s:90:\"http://www2.anamain.com/t8/Rosie Huntington-Whiteley - Russell James Photoshoot 2016/3.jpg\";s:5:\"thumb\";s:96:\"http://www2.anamain.com/t8/Rosie Huntington-Whiteley - Russell James Photoshoot 2016/thumb/3.jpg\";s:3:\"ico\";s:100:\"http://www2.anamain.com/t8/Rosie Huntington-Whiteley - Russell James Photoshoot 2016/thumb/ico_3.jpg\";}s:7:\"gallery\";a:8:{s:2:\"id\";s:4:\"1024\";s:7:\"created\";s:19:\"2016-06-30 22:07:21\";s:8:\"place_id\";s:1:\"3\";s:13:\"photograph_id\";s:1:\"8\";s:12:\"photographer\";a:3:{s:2:\"id\";s:1:\"8\";s:4:\"name\";s:15:\"roberto melotti\";s:5:\"photo\";N;}s:5:\"place\";a:4:{s:2:\"id\";s:1:\"3\";s:4:\"name\";s:29:\"Cathedral of the Resurrection\";s:7:\"city_id\";s:1:\"4\";s:4:\"logo\";N;}s:4:\"city\";a:4:{s:2:\"id\";s:1:\"4\";s:4:\"name\";s:10:\"Petersburg\";s:10:\"country_id\";s:1:\"2\";s:4:\"logo\";N;}s:7:\"country\";a:4:{s:2:\"id\";s:1:\"2\";s:4:\"name\";s:18:\"Russian Federation\";s:4:\"logo\";s:22:\"/img/country/bg/ru.jpg\";s:4:\"flag\";s:24:\"/img/country/flag/ru.png\";}}}}s:5:\"total\";i:500;}','new'),
	('57e50279cd9ba','2016-09-23 10:22:49',1,'a:2:{s:5:\"items\";a:2:{i:456;a:5:{s:8:\"photo_id\";i:456;s:10:\"gallery_id\";i:1019;s:10:\"resolution\";s:4:\"best\";s:5:\"photo\";a:5:{s:2:\"id\";i:456;s:10:\"gallery_id\";i:1019;s:3:\"src\";s:88:\"http://www2.anamain.com/t8/Candice Swanepoel - Free People July 2014 (Repost)/MM0034.jpg\";s:5:\"thumb\";s:94:\"http://www2.anamain.com/t8/Candice Swanepoel - Free People July 2014 (Repost)/thumb/MM0034.jpg\";s:3:\"ico\";s:98:\"http://www2.anamain.com/t8/Candice Swanepoel - Free People July 2014 (Repost)/thumb/ico_MM0034.jpg\";}s:7:\"gallery\";a:8:{s:2:\"id\";s:4:\"1019\";s:7:\"created\";s:19:\"2016-06-30 22:07:21\";s:8:\"place_id\";s:1:\"3\";s:13:\"photograph_id\";s:1:\"8\";s:12:\"photographer\";a:3:{s:2:\"id\";s:1:\"8\";s:4:\"name\";s:15:\"roberto melotti\";s:5:\"photo\";N;}s:5:\"place\";a:4:{s:2:\"id\";s:1:\"3\";s:4:\"name\";s:29:\"Cathedral of the Resurrection\";s:7:\"city_id\";s:1:\"4\";s:4:\"logo\";N;}s:4:\"city\";a:4:{s:2:\"id\";s:1:\"4\";s:4:\"name\";s:10:\"Petersburg\";s:10:\"country_id\";s:1:\"2\";s:4:\"logo\";N;}s:7:\"country\";a:4:{s:2:\"id\";s:1:\"2\";s:4:\"name\";s:18:\"Russian Federation\";s:4:\"logo\";s:22:\"/img/country/bg/ru.jpg\";s:4:\"flag\";s:24:\"/img/country/flag/ru.png\";}}}i:535;a:5:{s:8:\"photo_id\";i:535;s:10:\"gallery_id\";i:1024;s:10:\"resolution\";s:4:\"best\";s:5:\"photo\";a:5:{s:2:\"id\";i:535;s:10:\"gallery_id\";i:1024;s:3:\"src\";s:90:\"http://www2.anamain.com/t8/Rosie Huntington-Whiteley - Russell James Photoshoot 2016/3.jpg\";s:5:\"thumb\";s:96:\"http://www2.anamain.com/t8/Rosie Huntington-Whiteley - Russell James Photoshoot 2016/thumb/3.jpg\";s:3:\"ico\";s:100:\"http://www2.anamain.com/t8/Rosie Huntington-Whiteley - Russell James Photoshoot 2016/thumb/ico_3.jpg\";}s:7:\"gallery\";a:0:{}}}s:5:\"total\";i:500;}','new'),
	('57e503068307b','2016-09-23 10:25:10',1,'a:2:{s:5:\"items\";a:2:{i:456;a:5:{s:8:\"photo_id\";i:456;s:10:\"gallery_id\";i:1019;s:10:\"resolution\";s:4:\"best\";s:5:\"photo\";a:5:{s:2:\"id\";i:456;s:10:\"gallery_id\";i:1019;s:3:\"src\";s:88:\"http://www2.anamain.com/t8/Candice Swanepoel - Free People July 2014 (Repost)/MM0034.jpg\";s:5:\"thumb\";s:94:\"http://www2.anamain.com/t8/Candice Swanepoel - Free People July 2014 (Repost)/thumb/MM0034.jpg\";s:3:\"ico\";s:98:\"http://www2.anamain.com/t8/Candice Swanepoel - Free People July 2014 (Repost)/thumb/ico_MM0034.jpg\";}s:7:\"gallery\";a:8:{s:2:\"id\";s:4:\"1019\";s:7:\"created\";s:19:\"2016-06-30 22:07:21\";s:8:\"place_id\";s:1:\"3\";s:13:\"photograph_id\";s:1:\"8\";s:12:\"photographer\";a:3:{s:2:\"id\";s:1:\"8\";s:4:\"name\";s:15:\"roberto melotti\";s:5:\"photo\";N;}s:5:\"place\";a:4:{s:2:\"id\";s:1:\"3\";s:4:\"name\";s:29:\"Cathedral of the Resurrection\";s:7:\"city_id\";s:1:\"4\";s:4:\"logo\";N;}s:4:\"city\";a:4:{s:2:\"id\";s:1:\"4\";s:4:\"name\";s:10:\"Petersburg\";s:10:\"country_id\";s:1:\"2\";s:4:\"logo\";N;}s:7:\"country\";a:4:{s:2:\"id\";s:1:\"2\";s:4:\"name\";s:18:\"Russian Federation\";s:4:\"logo\";s:22:\"/img/country/bg/ru.jpg\";s:4:\"flag\";s:24:\"/img/country/flag/ru.png\";}}}i:535;a:5:{s:8:\"photo_id\";i:535;s:10:\"gallery_id\";i:1024;s:10:\"resolution\";s:4:\"best\";s:5:\"photo\";a:5:{s:2:\"id\";i:535;s:10:\"gallery_id\";i:1024;s:3:\"src\";s:90:\"http://www2.anamain.com/t8/Rosie Huntington-Whiteley - Russell James Photoshoot 2016/3.jpg\";s:5:\"thumb\";s:96:\"http://www2.anamain.com/t8/Rosie Huntington-Whiteley - Russell James Photoshoot 2016/thumb/3.jpg\";s:3:\"ico\";s:100:\"http://www2.anamain.com/t8/Rosie Huntington-Whiteley - Russell James Photoshoot 2016/thumb/ico_3.jpg\";}s:7:\"gallery\";a:8:{s:2:\"id\";s:4:\"1024\";s:7:\"created\";s:19:\"2016-06-30 22:07:21\";s:8:\"place_id\";s:1:\"3\";s:13:\"photograph_id\";s:1:\"8\";s:12:\"photographer\";a:3:{s:2:\"id\";s:1:\"8\";s:4:\"name\";s:15:\"roberto melotti\";s:5:\"photo\";N;}s:5:\"place\";a:4:{s:2:\"id\";s:1:\"3\";s:4:\"name\";s:29:\"Cathedral of the Resurrection\";s:7:\"city_id\";s:1:\"4\";s:4:\"logo\";N;}s:4:\"city\";a:4:{s:2:\"id\";s:1:\"4\";s:4:\"name\";s:10:\"Petersburg\";s:10:\"country_id\";s:1:\"2\";s:4:\"logo\";N;}s:7:\"country\";a:4:{s:2:\"id\";s:1:\"2\";s:4:\"name\";s:18:\"Russian Federation\";s:4:\"logo\";s:22:\"/img/country/bg/ru.jpg\";s:4:\"flag\";s:24:\"/img/country/flag/ru.png\";}}}}s:5:\"total\";i:500;}','new'),
	('57e5043e5892a','2016-09-23 10:30:22',1,'a:2:{s:5:\"items\";a:2:{i:456;a:5:{s:8:\"photo_id\";i:456;s:10:\"gallery_id\";i:1019;s:10:\"resolution\";s:4:\"best\";s:5:\"photo\";a:5:{s:2:\"id\";i:456;s:10:\"gallery_id\";i:1019;s:3:\"src\";s:88:\"http://www2.anamain.com/t8/Candice Swanepoel - Free People July 2014 (Repost)/MM0034.jpg\";s:5:\"thumb\";s:94:\"http://www2.anamain.com/t8/Candice Swanepoel - Free People July 2014 (Repost)/thumb/MM0034.jpg\";s:3:\"ico\";s:98:\"http://www2.anamain.com/t8/Candice Swanepoel - Free People July 2014 (Repost)/thumb/ico_MM0034.jpg\";}s:7:\"gallery\";a:8:{s:2:\"id\";s:4:\"1019\";s:7:\"created\";s:19:\"2016-06-30 22:07:21\";s:8:\"place_id\";s:1:\"3\";s:13:\"photograph_id\";s:1:\"8\";s:12:\"photographer\";a:3:{s:2:\"id\";s:1:\"8\";s:4:\"name\";s:15:\"roberto melotti\";s:5:\"photo\";N;}s:5:\"place\";a:4:{s:2:\"id\";s:1:\"3\";s:4:\"name\";s:29:\"Cathedral of the Resurrection\";s:7:\"city_id\";s:1:\"4\";s:4:\"logo\";N;}s:4:\"city\";a:4:{s:2:\"id\";s:1:\"4\";s:4:\"name\";s:10:\"Petersburg\";s:10:\"country_id\";s:1:\"2\";s:4:\"logo\";N;}s:7:\"country\";a:4:{s:2:\"id\";s:1:\"2\";s:4:\"name\";s:18:\"Russian Federation\";s:4:\"logo\";s:22:\"/img/country/bg/ru.jpg\";s:4:\"flag\";s:24:\"/img/country/flag/ru.png\";}}}i:535;a:5:{s:8:\"photo_id\";i:535;s:10:\"gallery_id\";i:1024;s:10:\"resolution\";s:4:\"best\";s:5:\"photo\";a:5:{s:2:\"id\";i:535;s:10:\"gallery_id\";i:1024;s:3:\"src\";s:90:\"http://www2.anamain.com/t8/Rosie Huntington-Whiteley - Russell James Photoshoot 2016/3.jpg\";s:5:\"thumb\";s:96:\"http://www2.anamain.com/t8/Rosie Huntington-Whiteley - Russell James Photoshoot 2016/thumb/3.jpg\";s:3:\"ico\";s:100:\"http://www2.anamain.com/t8/Rosie Huntington-Whiteley - Russell James Photoshoot 2016/thumb/ico_3.jpg\";}s:7:\"gallery\";a:8:{s:2:\"id\";s:4:\"1024\";s:7:\"created\";s:19:\"2016-06-30 22:07:21\";s:8:\"place_id\";s:1:\"3\";s:13:\"photograph_id\";s:1:\"8\";s:12:\"photographer\";a:3:{s:2:\"id\";s:1:\"8\";s:4:\"name\";s:15:\"roberto melotti\";s:5:\"photo\";N;}s:5:\"place\";a:4:{s:2:\"id\";s:1:\"3\";s:4:\"name\";s:29:\"Cathedral of the Resurrection\";s:7:\"city_id\";s:1:\"4\";s:4:\"logo\";N;}s:4:\"city\";a:4:{s:2:\"id\";s:1:\"4\";s:4:\"name\";s:10:\"Petersburg\";s:10:\"country_id\";s:1:\"2\";s:4:\"logo\";N;}s:7:\"country\";a:4:{s:2:\"id\";s:1:\"2\";s:4:\"name\";s:18:\"Russian Federation\";s:4:\"logo\";s:22:\"/img/country/bg/ru.jpg\";s:4:\"flag\";s:24:\"/img/country/flag/ru.png\";}}}}s:5:\"total\";i:500;}','new'),
	('57e504f0e2ea6','2016-10-03 12:26:14',1,'a:2:{s:5:\"items\";a:2:{i:456;a:5:{s:8:\"photo_id\";i:456;s:10:\"gallery_id\";i:1019;s:10:\"resolution\";s:4:\"best\";s:5:\"photo\";a:5:{s:2:\"id\";i:456;s:10:\"gallery_id\";i:1019;s:3:\"src\";s:88:\"http://www2.anamain.com/t8/Candice Swanepoel - Free People July 2014 (Repost)/MM0034.jpg\";s:5:\"thumb\";s:94:\"http://www2.anamain.com/t8/Candice Swanepoel - Free People July 2014 (Repost)/thumb/MM0034.jpg\";s:3:\"ico\";s:98:\"http://www2.anamain.com/t8/Candice Swanepoel - Free People July 2014 (Repost)/thumb/ico_MM0034.jpg\";}s:7:\"gallery\";a:8:{s:2:\"id\";s:4:\"1019\";s:7:\"created\";s:19:\"2016-06-30 22:07:21\";s:8:\"place_id\";s:1:\"3\";s:13:\"photograph_id\";s:1:\"8\";s:12:\"photographer\";a:3:{s:2:\"id\";s:1:\"8\";s:4:\"name\";s:15:\"roberto melotti\";s:5:\"photo\";N;}s:5:\"place\";a:4:{s:2:\"id\";s:1:\"3\";s:4:\"name\";s:29:\"Cathedral of the Resurrection\";s:7:\"city_id\";s:1:\"4\";s:4:\"logo\";N;}s:4:\"city\";a:4:{s:2:\"id\";s:1:\"4\";s:4:\"name\";s:10:\"Petersburg\";s:10:\"country_id\";s:1:\"2\";s:4:\"logo\";N;}s:7:\"country\";a:4:{s:2:\"id\";s:1:\"2\";s:4:\"name\";s:18:\"Russian Federation\";s:4:\"logo\";s:22:\"/img/country/bg/ru.jpg\";s:4:\"flag\";s:24:\"/img/country/flag/ru.png\";}}}i:535;a:5:{s:8:\"photo_id\";i:535;s:10:\"gallery_id\";i:1024;s:10:\"resolution\";s:4:\"best\";s:5:\"photo\";a:5:{s:2:\"id\";i:535;s:10:\"gallery_id\";i:1024;s:3:\"src\";s:90:\"http://www2.anamain.com/t8/Rosie Huntington-Whiteley - Russell James Photoshoot 2016/3.jpg\";s:5:\"thumb\";s:96:\"http://www2.anamain.com/t8/Rosie Huntington-Whiteley - Russell James Photoshoot 2016/thumb/3.jpg\";s:3:\"ico\";s:100:\"http://www2.anamain.com/t8/Rosie Huntington-Whiteley - Russell James Photoshoot 2016/thumb/ico_3.jpg\";}s:7:\"gallery\";a:8:{s:2:\"id\";s:4:\"1024\";s:7:\"created\";s:19:\"2016-06-30 22:07:21\";s:8:\"place_id\";s:1:\"3\";s:13:\"photograph_id\";s:1:\"8\";s:12:\"photographer\";a:3:{s:2:\"id\";s:1:\"8\";s:4:\"name\";s:15:\"roberto melotti\";s:5:\"photo\";N;}s:5:\"place\";a:4:{s:2:\"id\";s:1:\"3\";s:4:\"name\";s:29:\"Cathedral of the Resurrection\";s:7:\"city_id\";s:1:\"4\";s:4:\"logo\";N;}s:4:\"city\";a:4:{s:2:\"id\";s:1:\"4\";s:4:\"name\";s:10:\"Petersburg\";s:10:\"country_id\";s:1:\"2\";s:4:\"logo\";N;}s:7:\"country\";a:4:{s:2:\"id\";s:1:\"2\";s:4:\"name\";s:18:\"Russian Federation\";s:4:\"logo\";s:22:\"/img/country/bg/ru.jpg\";s:4:\"flag\";s:24:\"/img/country/flag/ru.png\";}}}}s:5:\"total\";i:500;}','paid'),
	('57e505abed993','2016-09-23 10:36:27',1,'a:2:{s:5:\"items\";a:2:{i:456;a:5:{s:8:\"photo_id\";i:456;s:10:\"gallery_id\";i:1019;s:10:\"resolution\";s:4:\"best\";s:5:\"photo\";a:5:{s:2:\"id\";i:456;s:10:\"gallery_id\";i:1019;s:3:\"src\";s:88:\"http://www2.anamain.com/t8/Candice Swanepoel - Free People July 2014 (Repost)/MM0034.jpg\";s:5:\"thumb\";s:94:\"http://www2.anamain.com/t8/Candice Swanepoel - Free People July 2014 (Repost)/thumb/MM0034.jpg\";s:3:\"ico\";s:98:\"http://www2.anamain.com/t8/Candice Swanepoel - Free People July 2014 (Repost)/thumb/ico_MM0034.jpg\";}s:7:\"gallery\";a:8:{s:2:\"id\";s:4:\"1019\";s:7:\"created\";s:19:\"2016-06-30 22:07:21\";s:8:\"place_id\";s:1:\"3\";s:13:\"photograph_id\";s:1:\"8\";s:12:\"photographer\";a:3:{s:2:\"id\";s:1:\"8\";s:4:\"name\";s:15:\"roberto melotti\";s:5:\"photo\";N;}s:5:\"place\";a:4:{s:2:\"id\";s:1:\"3\";s:4:\"name\";s:29:\"Cathedral of the Resurrection\";s:7:\"city_id\";s:1:\"4\";s:4:\"logo\";N;}s:4:\"city\";a:4:{s:2:\"id\";s:1:\"4\";s:4:\"name\";s:10:\"Petersburg\";s:10:\"country_id\";s:1:\"2\";s:4:\"logo\";N;}s:7:\"country\";a:4:{s:2:\"id\";s:1:\"2\";s:4:\"name\";s:18:\"Russian Federation\";s:4:\"logo\";s:22:\"/img/country/bg/ru.jpg\";s:4:\"flag\";s:24:\"/img/country/flag/ru.png\";}}}i:535;a:5:{s:8:\"photo_id\";i:535;s:10:\"gallery_id\";i:1024;s:10:\"resolution\";s:4:\"best\";s:5:\"photo\";a:5:{s:2:\"id\";i:535;s:10:\"gallery_id\";i:1024;s:3:\"src\";s:90:\"http://www2.anamain.com/t8/Rosie Huntington-Whiteley - Russell James Photoshoot 2016/3.jpg\";s:5:\"thumb\";s:96:\"http://www2.anamain.com/t8/Rosie Huntington-Whiteley - Russell James Photoshoot 2016/thumb/3.jpg\";s:3:\"ico\";s:100:\"http://www2.anamain.com/t8/Rosie Huntington-Whiteley - Russell James Photoshoot 2016/thumb/ico_3.jpg\";}s:7:\"gallery\";a:8:{s:2:\"id\";s:4:\"1024\";s:7:\"created\";s:19:\"2016-06-30 22:07:21\";s:8:\"place_id\";s:1:\"3\";s:13:\"photograph_id\";s:1:\"8\";s:12:\"photographer\";a:3:{s:2:\"id\";s:1:\"8\";s:4:\"name\";s:15:\"roberto melotti\";s:5:\"photo\";N;}s:5:\"place\";a:4:{s:2:\"id\";s:1:\"3\";s:4:\"name\";s:29:\"Cathedral of the Resurrection\";s:7:\"city_id\";s:1:\"4\";s:4:\"logo\";N;}s:4:\"city\";a:4:{s:2:\"id\";s:1:\"4\";s:4:\"name\";s:10:\"Petersburg\";s:10:\"country_id\";s:1:\"2\";s:4:\"logo\";N;}s:7:\"country\";a:4:{s:2:\"id\";s:1:\"2\";s:4:\"name\";s:18:\"Russian Federation\";s:4:\"logo\";s:22:\"/img/country/bg/ru.jpg\";s:4:\"flag\";s:24:\"/img/country/flag/ru.png\";}}}}s:5:\"total\";i:500;}','new'),
	('57e50756b3d78','2016-10-03 12:33:51',1,'a:2:{s:5:\"items\";a:2:{i:456;a:5:{s:8:\"photo_id\";i:456;s:10:\"gallery_id\";i:1019;s:10:\"resolution\";s:4:\"best\";s:5:\"photo\";a:5:{s:2:\"id\";i:456;s:10:\"gallery_id\";i:1019;s:3:\"src\";s:88:\"http://www2.anamain.com/t8/Candice Swanepoel - Free People July 2014 (Repost)/MM0034.jpg\";s:5:\"thumb\";s:94:\"http://www2.anamain.com/t8/Candice Swanepoel - Free People July 2014 (Repost)/thumb/MM0034.jpg\";s:3:\"ico\";s:98:\"http://www2.anamain.com/t8/Candice Swanepoel - Free People July 2014 (Repost)/thumb/ico_MM0034.jpg\";}s:7:\"gallery\";a:8:{s:2:\"id\";s:4:\"1019\";s:7:\"created\";s:19:\"2016-06-30 22:07:21\";s:8:\"place_id\";s:1:\"3\";s:13:\"photograph_id\";s:1:\"8\";s:12:\"photographer\";a:3:{s:2:\"id\";s:1:\"8\";s:4:\"name\";s:15:\"roberto melotti\";s:5:\"photo\";N;}s:5:\"place\";a:4:{s:2:\"id\";s:1:\"3\";s:4:\"name\";s:29:\"Cathedral of the Resurrection\";s:7:\"city_id\";s:1:\"4\";s:4:\"logo\";N;}s:4:\"city\";a:4:{s:2:\"id\";s:1:\"4\";s:4:\"name\";s:10:\"Petersburg\";s:10:\"country_id\";s:1:\"2\";s:4:\"logo\";N;}s:7:\"country\";a:4:{s:2:\"id\";s:1:\"2\";s:4:\"name\";s:18:\"Russian Federation\";s:4:\"logo\";s:22:\"/img/country/bg/ru.jpg\";s:4:\"flag\";s:24:\"/img/country/flag/ru.png\";}}}i:535;a:5:{s:8:\"photo_id\";i:535;s:10:\"gallery_id\";i:1024;s:10:\"resolution\";s:4:\"best\";s:5:\"photo\";a:5:{s:2:\"id\";i:535;s:10:\"gallery_id\";i:1024;s:3:\"src\";s:90:\"http://www2.anamain.com/t8/Rosie Huntington-Whiteley - Russell James Photoshoot 2016/3.jpg\";s:5:\"thumb\";s:96:\"http://www2.anamain.com/t8/Rosie Huntington-Whiteley - Russell James Photoshoot 2016/thumb/3.jpg\";s:3:\"ico\";s:100:\"http://www2.anamain.com/t8/Rosie Huntington-Whiteley - Russell James Photoshoot 2016/thumb/ico_3.jpg\";}s:7:\"gallery\";a:8:{s:2:\"id\";s:4:\"1024\";s:7:\"created\";s:19:\"2016-06-30 22:07:21\";s:8:\"place_id\";s:1:\"3\";s:13:\"photograph_id\";s:1:\"8\";s:12:\"photographer\";a:3:{s:2:\"id\";s:1:\"8\";s:4:\"name\";s:15:\"roberto melotti\";s:5:\"photo\";N;}s:5:\"place\";a:4:{s:2:\"id\";s:1:\"3\";s:4:\"name\";s:29:\"Cathedral of the Resurrection\";s:7:\"city_id\";s:1:\"4\";s:4:\"logo\";N;}s:4:\"city\";a:4:{s:2:\"id\";s:1:\"4\";s:4:\"name\";s:10:\"Petersburg\";s:10:\"country_id\";s:1:\"2\";s:4:\"logo\";N;}s:7:\"country\";a:4:{s:2:\"id\";s:1:\"2\";s:4:\"name\";s:18:\"Russian Federation\";s:4:\"logo\";s:22:\"/img/country/bg/ru.jpg\";s:4:\"flag\";s:24:\"/img/country/flag/ru.png\";}}}}s:5:\"total\";i:500;}','paid'),
	('57f258815ba67','2016-10-03 13:09:21',1,'a:2:{s:5:\"items\";a:2:{i:427;a:6:{s:8:\"photo_id\";i:427;s:10:\"gallery_id\";i:1019;s:10:\"resolution\";s:4:\"best\";s:5:\"price\";i:250;s:5:\"photo\";a:5:{s:2:\"id\";i:427;s:10:\"gallery_id\";i:1019;s:3:\"src\";s:88:\"http://www2.anamain.com/t8/Candice Swanepoel - Free People July 2014 (Repost)/MM0005.jpg\";s:5:\"thumb\";s:94:\"http://www2.anamain.com/t8/Candice Swanepoel - Free People July 2014 (Repost)/thumb/MM0005.jpg\";s:3:\"ico\";s:98:\"http://www2.anamain.com/t8/Candice Swanepoel - Free People July 2014 (Repost)/thumb/ico_MM0005.jpg\";}s:7:\"gallery\";a:8:{s:2:\"id\";s:4:\"1019\";s:7:\"created\";s:19:\"2016-06-30 22:07:21\";s:8:\"place_id\";s:1:\"3\";s:13:\"photograph_id\";s:1:\"8\";s:12:\"photographer\";a:3:{s:2:\"id\";s:1:\"8\";s:4:\"name\";s:15:\"roberto melotti\";s:5:\"photo\";N;}s:5:\"place\";a:4:{s:2:\"id\";s:1:\"3\";s:4:\"name\";s:29:\"Cathedral of the Resurrection\";s:7:\"city_id\";s:1:\"4\";s:4:\"logo\";N;}s:4:\"city\";a:4:{s:2:\"id\";s:1:\"4\";s:4:\"name\";s:10:\"Petersburg\";s:10:\"country_id\";s:1:\"2\";s:4:\"logo\";N;}s:7:\"country\";a:4:{s:2:\"id\";s:1:\"2\";s:4:\"name\";s:18:\"Russian Federation\";s:4:\"logo\";s:22:\"/img/country/bg/ru.jpg\";s:4:\"flag\";s:24:\"/img/country/flag/ru.png\";}}}i:428;a:6:{s:8:\"photo_id\";i:428;s:10:\"gallery_id\";i:1019;s:10:\"resolution\";s:4:\"best\";s:5:\"price\";i:250;s:5:\"photo\";a:5:{s:2:\"id\";i:428;s:10:\"gallery_id\";i:1019;s:3:\"src\";s:88:\"http://www2.anamain.com/t8/Candice Swanepoel - Free People July 2014 (Repost)/MM0006.jpg\";s:5:\"thumb\";s:94:\"http://www2.anamain.com/t8/Candice Swanepoel - Free People July 2014 (Repost)/thumb/MM0006.jpg\";s:3:\"ico\";s:98:\"http://www2.anamain.com/t8/Candice Swanepoel - Free People July 2014 (Repost)/thumb/ico_MM0006.jpg\";}s:7:\"gallery\";a:8:{s:2:\"id\";s:4:\"1019\";s:7:\"created\";s:19:\"2016-06-30 22:07:21\";s:8:\"place_id\";s:1:\"3\";s:13:\"photograph_id\";s:1:\"8\";s:12:\"photographer\";a:3:{s:2:\"id\";s:1:\"8\";s:4:\"name\";s:15:\"roberto melotti\";s:5:\"photo\";N;}s:5:\"place\";a:4:{s:2:\"id\";s:1:\"3\";s:4:\"name\";s:29:\"Cathedral of the Resurrection\";s:7:\"city_id\";s:1:\"4\";s:4:\"logo\";N;}s:4:\"city\";a:4:{s:2:\"id\";s:1:\"4\";s:4:\"name\";s:10:\"Petersburg\";s:10:\"country_id\";s:1:\"2\";s:4:\"logo\";N;}s:7:\"country\";a:4:{s:2:\"id\";s:1:\"2\";s:4:\"name\";s:18:\"Russian Federation\";s:4:\"logo\";s:22:\"/img/country/bg/ru.jpg\";s:4:\"flag\";s:24:\"/img/country/flag/ru.png\";}}}}s:5:\"total\";i:500;}','new'),
	('57f259a141b59','2016-10-03 13:14:09',1,'a:2:{s:5:\"items\";a:2:{i:427;a:6:{s:8:\"photo_id\";i:427;s:10:\"gallery_id\";i:1019;s:10:\"resolution\";s:4:\"best\";s:5:\"price\";i:250;s:5:\"photo\";a:5:{s:2:\"id\";i:427;s:10:\"gallery_id\";i:1019;s:3:\"src\";s:88:\"http://www2.anamain.com/t8/Candice Swanepoel - Free People July 2014 (Repost)/MM0005.jpg\";s:5:\"thumb\";s:94:\"http://www2.anamain.com/t8/Candice Swanepoel - Free People July 2014 (Repost)/thumb/MM0005.jpg\";s:3:\"ico\";s:98:\"http://www2.anamain.com/t8/Candice Swanepoel - Free People July 2014 (Repost)/thumb/ico_MM0005.jpg\";}s:7:\"gallery\";a:8:{s:2:\"id\";s:4:\"1019\";s:7:\"created\";s:19:\"2016-06-30 22:07:21\";s:8:\"place_id\";s:1:\"3\";s:13:\"photograph_id\";s:1:\"8\";s:12:\"photographer\";a:3:{s:2:\"id\";s:1:\"8\";s:4:\"name\";s:15:\"roberto melotti\";s:5:\"photo\";N;}s:5:\"place\";a:4:{s:2:\"id\";s:1:\"3\";s:4:\"name\";s:29:\"Cathedral of the Resurrection\";s:7:\"city_id\";s:1:\"4\";s:4:\"logo\";N;}s:4:\"city\";a:4:{s:2:\"id\";s:1:\"4\";s:4:\"name\";s:10:\"Petersburg\";s:10:\"country_id\";s:1:\"2\";s:4:\"logo\";N;}s:7:\"country\";a:4:{s:2:\"id\";s:1:\"2\";s:4:\"name\";s:18:\"Russian Federation\";s:4:\"logo\";s:22:\"/img/country/bg/ru.jpg\";s:4:\"flag\";s:24:\"/img/country/flag/ru.png\";}}}i:428;a:6:{s:8:\"photo_id\";i:428;s:10:\"gallery_id\";i:1019;s:10:\"resolution\";s:4:\"best\";s:5:\"price\";i:250;s:5:\"photo\";a:5:{s:2:\"id\";i:428;s:10:\"gallery_id\";i:1019;s:3:\"src\";s:88:\"http://www2.anamain.com/t8/Candice Swanepoel - Free People July 2014 (Repost)/MM0006.jpg\";s:5:\"thumb\";s:94:\"http://www2.anamain.com/t8/Candice Swanepoel - Free People July 2014 (Repost)/thumb/MM0006.jpg\";s:3:\"ico\";s:98:\"http://www2.anamain.com/t8/Candice Swanepoel - Free People July 2014 (Repost)/thumb/ico_MM0006.jpg\";}s:7:\"gallery\";a:0:{}}}s:5:\"total\";i:500;}','new'),
	('57f259e1bab30','2016-10-03 13:15:13',1,'a:2:{s:5:\"items\";a:2:{i:451;a:8:{s:8:\"photo_id\";i:451;s:10:\"gallery_id\";i:1019;s:10:\"resolution\";s:4:\"best\";s:5:\"price\";i:250;s:8:\"currency\";s:3:\"USD\";s:15:\"currency_symbol\";s:1:\"$\";s:5:\"photo\";a:5:{s:2:\"id\";i:451;s:10:\"gallery_id\";i:1019;s:3:\"src\";s:88:\"http://www2.anamain.com/t8/Candice Swanepoel - Free People July 2014 (Repost)/MM0029.jpg\";s:5:\"thumb\";s:94:\"http://www2.anamain.com/t8/Candice Swanepoel - Free People July 2014 (Repost)/thumb/MM0029.jpg\";s:3:\"ico\";s:98:\"http://www2.anamain.com/t8/Candice Swanepoel - Free People July 2014 (Repost)/thumb/ico_MM0029.jpg\";}s:7:\"gallery\";a:8:{s:2:\"id\";s:4:\"1019\";s:7:\"created\";s:19:\"2016-06-30 22:07:21\";s:8:\"place_id\";s:1:\"3\";s:13:\"photograph_id\";s:1:\"8\";s:12:\"photographer\";a:3:{s:2:\"id\";s:1:\"8\";s:4:\"name\";s:15:\"roberto melotti\";s:5:\"photo\";N;}s:5:\"place\";a:4:{s:2:\"id\";s:1:\"3\";s:4:\"name\";s:29:\"Cathedral of the Resurrection\";s:7:\"city_id\";s:1:\"4\";s:4:\"logo\";N;}s:4:\"city\";a:4:{s:2:\"id\";s:1:\"4\";s:4:\"name\";s:10:\"Petersburg\";s:10:\"country_id\";s:1:\"2\";s:4:\"logo\";N;}s:7:\"country\";a:4:{s:2:\"id\";s:1:\"2\";s:4:\"name\";s:18:\"Russian Federation\";s:4:\"logo\";s:22:\"/img/country/bg/ru.jpg\";s:4:\"flag\";s:24:\"/img/country/flag/ru.png\";}}}i:458;a:8:{s:8:\"photo_id\";i:458;s:10:\"gallery_id\";i:1019;s:10:\"resolution\";s:4:\"best\";s:5:\"price\";i:250;s:8:\"currency\";s:3:\"USD\";s:15:\"currency_symbol\";s:1:\"$\";s:5:\"photo\";a:5:{s:2:\"id\";i:458;s:10:\"gallery_id\";i:1019;s:3:\"src\";s:88:\"http://www2.anamain.com/t8/Candice Swanepoel - Free People July 2014 (Repost)/MM0036.jpg\";s:5:\"thumb\";s:94:\"http://www2.anamain.com/t8/Candice Swanepoel - Free People July 2014 (Repost)/thumb/MM0036.jpg\";s:3:\"ico\";s:98:\"http://www2.anamain.com/t8/Candice Swanepoel - Free People July 2014 (Repost)/thumb/ico_MM0036.jpg\";}s:7:\"gallery\";a:8:{s:2:\"id\";s:4:\"1019\";s:7:\"created\";s:19:\"2016-06-30 22:07:21\";s:8:\"place_id\";s:1:\"3\";s:13:\"photograph_id\";s:1:\"8\";s:12:\"photographer\";a:3:{s:2:\"id\";s:1:\"8\";s:4:\"name\";s:15:\"roberto melotti\";s:5:\"photo\";N;}s:5:\"place\";a:4:{s:2:\"id\";s:1:\"3\";s:4:\"name\";s:29:\"Cathedral of the Resurrection\";s:7:\"city_id\";s:1:\"4\";s:4:\"logo\";N;}s:4:\"city\";a:4:{s:2:\"id\";s:1:\"4\";s:4:\"name\";s:10:\"Petersburg\";s:10:\"country_id\";s:1:\"2\";s:4:\"logo\";N;}s:7:\"country\";a:4:{s:2:\"id\";s:1:\"2\";s:4:\"name\";s:18:\"Russian Federation\";s:4:\"logo\";s:22:\"/img/country/bg/ru.jpg\";s:4:\"flag\";s:24:\"/img/country/flag/ru.png\";}}}}s:5:\"total\";i:500;}','new');

/*!40000 ALTER TABLE `order` ENABLE KEYS */;
UNLOCK TABLES;


# Dump of table photo
# ------------------------------------------------------------

DROP TABLE IF EXISTS `photo`;

CREATE TABLE `photo` (
  `id` int(11) unsigned NOT NULL AUTO_INCREMENT,
  `gallery_id` int(10) unsigned NOT NULL,
  `src` varchar(255) DEFAULT NULL,
  `thumb` varchar(255) DEFAULT NULL,
  `ico` varchar(255) DEFAULT NULL,
  PRIMARY KEY (`id`),
  KEY `gallery_id` (`gallery_id`),
  CONSTRAINT `photo_ibfk_1` FOREIGN KEY (`gallery_id`) REFERENCES `gallery` (`id`) ON DELETE CASCADE ON UPDATE CASCADE
) ENGINE=InnoDB DEFAULT CHARSET=utf8;

LOCK TABLES `photo` WRITE;
/*!40000 ALTER TABLE `photo` DISABLE KEYS */;

INSERT INTO `photo` (`id`, `gallery_id`, `src`, `thumb`, `ico`)
VALUES
	(243,5,'/img/city1.jpg','/img/city1.jpg','/img/city1.jpg'),
	(244,5,'/img/city2.jpg','/img/city2.jpg','/img/city2.jpg'),
	(245,5,'/img/city3.jpg','/img/city3.jpg','/img/city3.jpg'),
	(423,1019,'http://www2.anamain.com/t8/Candice Swanepoel - Free People July 2014 (Repost)/MM0001.jpg','http://www2.anamain.com/t8/Candice Swanepoel - Free People July 2014 (Repost)/thumb/MM0001.jpg','http://www2.anamain.com/t8/Candice Swanepoel - Free People July 2014 (Repost)/thumb/ico_MM0001.jpg'),
	(424,1019,'http://www2.anamain.com/t8/Candice Swanepoel - Free People July 2014 (Repost)/MM0002.jpg','http://www2.anamain.com/t8/Candice Swanepoel - Free People July 2014 (Repost)/thumb/MM0002.jpg','http://www2.anamain.com/t8/Candice Swanepoel - Free People July 2014 (Repost)/thumb/ico_MM0002.jpg'),
	(425,1019,'http://www2.anamain.com/t8/Candice Swanepoel - Free People July 2014 (Repost)/MM0003.jpg','http://www2.anamain.com/t8/Candice Swanepoel - Free People July 2014 (Repost)/thumb/MM0003.jpg','http://www2.anamain.com/t8/Candice Swanepoel - Free People July 2014 (Repost)/thumb/ico_MM0003.jpg'),
	(426,1019,'http://www2.anamain.com/t8/Candice Swanepoel - Free People July 2014 (Repost)/MM0004.jpg','http://www2.anamain.com/t8/Candice Swanepoel - Free People July 2014 (Repost)/thumb/MM0004.jpg','http://www2.anamain.com/t8/Candice Swanepoel - Free People July 2014 (Repost)/thumb/ico_MM0004.jpg'),
	(427,1019,'http://www2.anamain.com/t8/Candice Swanepoel - Free People July 2014 (Repost)/MM0005.jpg','http://www2.anamain.com/t8/Candice Swanepoel - Free People July 2014 (Repost)/thumb/MM0005.jpg','http://www2.anamain.com/t8/Candice Swanepoel - Free People July 2014 (Repost)/thumb/ico_MM0005.jpg'),
	(428,1019,'http://www2.anamain.com/t8/Candice Swanepoel - Free People July 2014 (Repost)/MM0006.jpg','http://www2.anamain.com/t8/Candice Swanepoel - Free People July 2014 (Repost)/thumb/MM0006.jpg','http://www2.anamain.com/t8/Candice Swanepoel - Free People July 2014 (Repost)/thumb/ico_MM0006.jpg'),
	(429,1019,'http://www2.anamain.com/t8/Candice Swanepoel - Free People July 2014 (Repost)/MM0007.jpg','http://www2.anamain.com/t8/Candice Swanepoel - Free People July 2014 (Repost)/thumb/MM0007.jpg','http://www2.anamain.com/t8/Candice Swanepoel - Free People July 2014 (Repost)/thumb/ico_MM0007.jpg'),
	(430,1019,'http://www2.anamain.com/t8/Candice Swanepoel - Free People July 2014 (Repost)/MM0008.jpg','http://www2.anamain.com/t8/Candice Swanepoel - Free People July 2014 (Repost)/thumb/MM0008.jpg','http://www2.anamain.com/t8/Candice Swanepoel - Free People July 2014 (Repost)/thumb/ico_MM0008.jpg'),
	(431,1019,'http://www2.anamain.com/t8/Candice Swanepoel - Free People July 2014 (Repost)/MM0009.jpg','http://www2.anamain.com/t8/Candice Swanepoel - Free People July 2014 (Repost)/thumb/MM0009.jpg','http://www2.anamain.com/t8/Candice Swanepoel - Free People July 2014 (Repost)/thumb/ico_MM0009.jpg'),
	(432,1019,'http://www2.anamain.com/t8/Candice Swanepoel - Free People July 2014 (Repost)/MM0010.jpg','http://www2.anamain.com/t8/Candice Swanepoel - Free People July 2014 (Repost)/thumb/MM0010.jpg','http://www2.anamain.com/t8/Candice Swanepoel - Free People July 2014 (Repost)/thumb/ico_MM0010.jpg'),
	(433,1019,'http://www2.anamain.com/t8/Candice Swanepoel - Free People July 2014 (Repost)/MM0011.jpg','http://www2.anamain.com/t8/Candice Swanepoel - Free People July 2014 (Repost)/thumb/MM0011.jpg','http://www2.anamain.com/t8/Candice Swanepoel - Free People July 2014 (Repost)/thumb/ico_MM0011.jpg'),
	(434,1019,'http://www2.anamain.com/t8/Candice Swanepoel - Free People July 2014 (Repost)/MM0012.jpg','http://www2.anamain.com/t8/Candice Swanepoel - Free People July 2014 (Repost)/thumb/MM0012.jpg','http://www2.anamain.com/t8/Candice Swanepoel - Free People July 2014 (Repost)/thumb/ico_MM0012.jpg'),
	(435,1019,'http://www2.anamain.com/t8/Candice Swanepoel - Free People July 2014 (Repost)/MM0013.jpg','http://www2.anamain.com/t8/Candice Swanepoel - Free People July 2014 (Repost)/thumb/MM0013.jpg','http://www2.anamain.com/t8/Candice Swanepoel - Free People July 2014 (Repost)/thumb/ico_MM0013.jpg'),
	(436,1019,'http://www2.anamain.com/t8/Candice Swanepoel - Free People July 2014 (Repost)/MM0014.jpg','http://www2.anamain.com/t8/Candice Swanepoel - Free People July 2014 (Repost)/thumb/MM0014.jpg','http://www2.anamain.com/t8/Candice Swanepoel - Free People July 2014 (Repost)/thumb/ico_MM0014.jpg'),
	(437,1019,'http://www2.anamain.com/t8/Candice Swanepoel - Free People July 2014 (Repost)/MM0015.jpg','http://www2.anamain.com/t8/Candice Swanepoel - Free People July 2014 (Repost)/thumb/MM0015.jpg','http://www2.anamain.com/t8/Candice Swanepoel - Free People July 2014 (Repost)/thumb/ico_MM0015.jpg'),
	(438,1019,'http://www2.anamain.com/t8/Candice Swanepoel - Free People July 2014 (Repost)/MM0016.jpg','http://www2.anamain.com/t8/Candice Swanepoel - Free People July 2014 (Repost)/thumb/MM0016.jpg','http://www2.anamain.com/t8/Candice Swanepoel - Free People July 2014 (Repost)/thumb/ico_MM0016.jpg'),
	(439,1019,'http://www2.anamain.com/t8/Candice Swanepoel - Free People July 2014 (Repost)/MM0017.jpg','http://www2.anamain.com/t8/Candice Swanepoel - Free People July 2014 (Repost)/thumb/MM0017.jpg','http://www2.anamain.com/t8/Candice Swanepoel - Free People July 2014 (Repost)/thumb/ico_MM0017.jpg'),
	(440,1019,'http://www2.anamain.com/t8/Candice Swanepoel - Free People July 2014 (Repost)/MM0018.jpg','http://www2.anamain.com/t8/Candice Swanepoel - Free People July 2014 (Repost)/thumb/MM0018.jpg','http://www2.anamain.com/t8/Candice Swanepoel - Free People July 2014 (Repost)/thumb/ico_MM0018.jpg'),
	(441,1019,'http://www2.anamain.com/t8/Candice Swanepoel - Free People July 2014 (Repost)/MM0019.jpg','http://www2.anamain.com/t8/Candice Swanepoel - Free People July 2014 (Repost)/thumb/MM0019.jpg','http://www2.anamain.com/t8/Candice Swanepoel - Free People July 2014 (Repost)/thumb/ico_MM0019.jpg'),
	(442,1019,'http://www2.anamain.com/t8/Candice Swanepoel - Free People July 2014 (Repost)/MM0020.jpg','http://www2.anamain.com/t8/Candice Swanepoel - Free People July 2014 (Repost)/thumb/MM0020.jpg','http://www2.anamain.com/t8/Candice Swanepoel - Free People July 2014 (Repost)/thumb/ico_MM0020.jpg'),
	(443,1019,'http://www2.anamain.com/t8/Candice Swanepoel - Free People July 2014 (Repost)/MM0021.jpg','http://www2.anamain.com/t8/Candice Swanepoel - Free People July 2014 (Repost)/thumb/MM0021.jpg','http://www2.anamain.com/t8/Candice Swanepoel - Free People July 2014 (Repost)/thumb/ico_MM0021.jpg'),
	(444,1019,'http://www2.anamain.com/t8/Candice Swanepoel - Free People July 2014 (Repost)/MM0022.jpg','http://www2.anamain.com/t8/Candice Swanepoel - Free People July 2014 (Repost)/thumb/MM0022.jpg','http://www2.anamain.com/t8/Candice Swanepoel - Free People July 2014 (Repost)/thumb/ico_MM0022.jpg'),
	(445,1019,'http://www2.anamain.com/t8/Candice Swanepoel - Free People July 2014 (Repost)/MM0023.jpg','http://www2.anamain.com/t8/Candice Swanepoel - Free People July 2014 (Repost)/thumb/MM0023.jpg','http://www2.anamain.com/t8/Candice Swanepoel - Free People July 2014 (Repost)/thumb/ico_MM0023.jpg'),
	(446,1019,'http://www2.anamain.com/t8/Candice Swanepoel - Free People July 2014 (Repost)/MM0024.jpg','http://www2.anamain.com/t8/Candice Swanepoel - Free People July 2014 (Repost)/thumb/MM0024.jpg','http://www2.anamain.com/t8/Candice Swanepoel - Free People July 2014 (Repost)/thumb/ico_MM0024.jpg'),
	(447,1019,'http://www2.anamain.com/t8/Candice Swanepoel - Free People July 2014 (Repost)/MM0025.jpg','http://www2.anamain.com/t8/Candice Swanepoel - Free People July 2014 (Repost)/thumb/MM0025.jpg','http://www2.anamain.com/t8/Candice Swanepoel - Free People July 2014 (Repost)/thumb/ico_MM0025.jpg'),
	(448,1019,'http://www2.anamain.com/t8/Candice Swanepoel - Free People July 2014 (Repost)/MM0026.jpg','http://www2.anamain.com/t8/Candice Swanepoel - Free People July 2014 (Repost)/thumb/MM0026.jpg','http://www2.anamain.com/t8/Candice Swanepoel - Free People July 2014 (Repost)/thumb/ico_MM0026.jpg'),
	(449,1019,'http://www2.anamain.com/t8/Candice Swanepoel - Free People July 2014 (Repost)/MM0027.jpg','http://www2.anamain.com/t8/Candice Swanepoel - Free People July 2014 (Repost)/thumb/MM0027.jpg','http://www2.anamain.com/t8/Candice Swanepoel - Free People July 2014 (Repost)/thumb/ico_MM0027.jpg'),
	(450,1019,'http://www2.anamain.com/t8/Candice Swanepoel - Free People July 2014 (Repost)/MM0028.jpg','http://www2.anamain.com/t8/Candice Swanepoel - Free People July 2014 (Repost)/thumb/MM0028.jpg','http://www2.anamain.com/t8/Candice Swanepoel - Free People July 2014 (Repost)/thumb/ico_MM0028.jpg'),
	(451,1019,'http://www2.anamain.com/t8/Candice Swanepoel - Free People July 2014 (Repost)/MM0029.jpg','http://www2.anamain.com/t8/Candice Swanepoel - Free People July 2014 (Repost)/thumb/MM0029.jpg','http://www2.anamain.com/t8/Candice Swanepoel - Free People July 2014 (Repost)/thumb/ico_MM0029.jpg'),
	(452,1019,'http://www2.anamain.com/t8/Candice Swanepoel - Free People July 2014 (Repost)/MM0030.jpg','http://www2.anamain.com/t8/Candice Swanepoel - Free People July 2014 (Repost)/thumb/MM0030.jpg','http://www2.anamain.com/t8/Candice Swanepoel - Free People July 2014 (Repost)/thumb/ico_MM0030.jpg'),
	(453,1019,'http://www2.anamain.com/t8/Candice Swanepoel - Free People July 2014 (Repost)/MM0031.jpg','http://www2.anamain.com/t8/Candice Swanepoel - Free People July 2014 (Repost)/thumb/MM0031.jpg','http://www2.anamain.com/t8/Candice Swanepoel - Free People July 2014 (Repost)/thumb/ico_MM0031.jpg'),
	(454,1019,'http://www2.anamain.com/t8/Candice Swanepoel - Free People July 2014 (Repost)/MM0032.jpg','http://www2.anamain.com/t8/Candice Swanepoel - Free People July 2014 (Repost)/thumb/MM0032.jpg','http://www2.anamain.com/t8/Candice Swanepoel - Free People July 2014 (Repost)/thumb/ico_MM0032.jpg'),
	(455,1019,'http://www2.anamain.com/t8/Candice Swanepoel - Free People July 2014 (Repost)/MM0033.jpg','http://www2.anamain.com/t8/Candice Swanepoel - Free People July 2014 (Repost)/thumb/MM0033.jpg','http://www2.anamain.com/t8/Candice Swanepoel - Free People July 2014 (Repost)/thumb/ico_MM0033.jpg'),
	(456,1019,'http://www2.anamain.com/t8/Candice Swanepoel - Free People July 2014 (Repost)/MM0034.jpg','http://www2.anamain.com/t8/Candice Swanepoel - Free People July 2014 (Repost)/thumb/MM0034.jpg','http://www2.anamain.com/t8/Candice Swanepoel - Free People July 2014 (Repost)/thumb/ico_MM0034.jpg'),
	(457,1019,'http://www2.anamain.com/t8/Candice Swanepoel - Free People July 2014 (Repost)/MM0035.jpg','http://www2.anamain.com/t8/Candice Swanepoel - Free People July 2014 (Repost)/thumb/MM0035.jpg','http://www2.anamain.com/t8/Candice Swanepoel - Free People July 2014 (Repost)/thumb/ico_MM0035.jpg'),
	(458,1019,'http://www2.anamain.com/t8/Candice Swanepoel - Free People July 2014 (Repost)/MM0036.jpg','http://www2.anamain.com/t8/Candice Swanepoel - Free People July 2014 (Repost)/thumb/MM0036.jpg','http://www2.anamain.com/t8/Candice Swanepoel - Free People July 2014 (Repost)/thumb/ico_MM0036.jpg'),
	(459,1019,'http://www2.anamain.com/t8/Candice Swanepoel - Free People July 2014 (Repost)/MM0037.jpg','http://www2.anamain.com/t8/Candice Swanepoel - Free People July 2014 (Repost)/thumb/MM0037.jpg','http://www2.anamain.com/t8/Candice Swanepoel - Free People July 2014 (Repost)/thumb/ico_MM0037.jpg'),
	(460,1019,'http://www2.anamain.com/t8/Candice Swanepoel - Free People July 2014 (Repost)/MM0038.jpg','http://www2.anamain.com/t8/Candice Swanepoel - Free People July 2014 (Repost)/thumb/MM0038.jpg','http://www2.anamain.com/t8/Candice Swanepoel - Free People July 2014 (Repost)/thumb/ico_MM0038.jpg'),
	(461,1019,'http://www2.anamain.com/t8/Candice Swanepoel - Free People July 2014 (Repost)/MM0039.jpg','http://www2.anamain.com/t8/Candice Swanepoel - Free People July 2014 (Repost)/thumb/MM0039.jpg','http://www2.anamain.com/t8/Candice Swanepoel - Free People July 2014 (Repost)/thumb/ico_MM0039.jpg'),
	(462,1019,'http://www2.anamain.com/t8/Candice Swanepoel - Free People July 2014 (Repost)/MM0040.jpg','http://www2.anamain.com/t8/Candice Swanepoel - Free People July 2014 (Repost)/thumb/MM0040.jpg','http://www2.anamain.com/t8/Candice Swanepoel - Free People July 2014 (Repost)/thumb/ico_MM0040.jpg'),
	(463,1019,'http://www2.anamain.com/t8/Candice Swanepoel - Free People July 2014 (Repost)/MM0041.jpg','http://www2.anamain.com/t8/Candice Swanepoel - Free People July 2014 (Repost)/thumb/MM0041.jpg','http://www2.anamain.com/t8/Candice Swanepoel - Free People July 2014 (Repost)/thumb/ico_MM0041.jpg'),
	(464,1019,'http://www2.anamain.com/t8/Candice Swanepoel - Free People July 2014 (Repost)/MM0042.jpg','http://www2.anamain.com/t8/Candice Swanepoel - Free People July 2014 (Repost)/thumb/MM0042.jpg','http://www2.anamain.com/t8/Candice Swanepoel - Free People July 2014 (Repost)/thumb/ico_MM0042.jpg'),
	(465,1019,'http://www2.anamain.com/t8/Candice Swanepoel - Free People July 2014 (Repost)/MM0043.jpg','http://www2.anamain.com/t8/Candice Swanepoel - Free People July 2014 (Repost)/thumb/MM0043.jpg','http://www2.anamain.com/t8/Candice Swanepoel - Free People July 2014 (Repost)/thumb/ico_MM0043.jpg'),
	(466,1019,'http://www2.anamain.com/t8/Candice Swanepoel - Free People July 2014 (Repost)/MM0044.jpg','http://www2.anamain.com/t8/Candice Swanepoel - Free People July 2014 (Repost)/thumb/MM0044.jpg','http://www2.anamain.com/t8/Candice Swanepoel - Free People July 2014 (Repost)/thumb/ico_MM0044.jpg'),
	(467,1019,'http://www2.anamain.com/t8/Candice Swanepoel - Free People July 2014 (Repost)/MM0045.jpg','http://www2.anamain.com/t8/Candice Swanepoel - Free People July 2014 (Repost)/thumb/MM0045.jpg','http://www2.anamain.com/t8/Candice Swanepoel - Free People July 2014 (Repost)/thumb/ico_MM0045.jpg'),
	(468,1019,'http://www2.anamain.com/t8/Candice Swanepoel - Free People July 2014 (Repost)/MM0046.jpg','http://www2.anamain.com/t8/Candice Swanepoel - Free People July 2014 (Repost)/thumb/MM0046.jpg','http://www2.anamain.com/t8/Candice Swanepoel - Free People July 2014 (Repost)/thumb/ico_MM0046.jpg'),
	(469,1019,'http://www2.anamain.com/t8/Candice Swanepoel - Free People July 2014 (Repost)/MM0047.jpg','http://www2.anamain.com/t8/Candice Swanepoel - Free People July 2014 (Repost)/thumb/MM0047.jpg','http://www2.anamain.com/t8/Candice Swanepoel - Free People July 2014 (Repost)/thumb/ico_MM0047.jpg'),
	(470,1019,'http://www2.anamain.com/t8/Candice Swanepoel - Free People July 2014 (Repost)/MM0048.jpg','http://www2.anamain.com/t8/Candice Swanepoel - Free People July 2014 (Repost)/thumb/MM0048.jpg','http://www2.anamain.com/t8/Candice Swanepoel - Free People July 2014 (Repost)/thumb/ico_MM0048.jpg'),
	(471,1019,'http://www2.anamain.com/t8/Candice Swanepoel - Free People July 2014 (Repost)/MM0049.jpg','http://www2.anamain.com/t8/Candice Swanepoel - Free People July 2014 (Repost)/thumb/MM0049.jpg','http://www2.anamain.com/t8/Candice Swanepoel - Free People July 2014 (Repost)/thumb/ico_MM0049.jpg'),
	(472,1019,'http://www2.anamain.com/t8/Candice Swanepoel - Free People July 2014 (Repost)/MM0050.jpg','http://www2.anamain.com/t8/Candice Swanepoel - Free People July 2014 (Repost)/thumb/MM0050.jpg','http://www2.anamain.com/t8/Candice Swanepoel - Free People July 2014 (Repost)/thumb/ico_MM0050.jpg'),
	(473,1019,'http://www2.anamain.com/t8/Candice Swanepoel - Free People July 2014 (Repost)/MM0051.jpg','http://www2.anamain.com/t8/Candice Swanepoel - Free People July 2014 (Repost)/thumb/MM0051.jpg','http://www2.anamain.com/t8/Candice Swanepoel - Free People July 2014 (Repost)/thumb/ico_MM0051.jpg'),
	(474,1019,'http://www2.anamain.com/t8/Candice Swanepoel - Free People July 2014 (Repost)/MM0052.jpg','http://www2.anamain.com/t8/Candice Swanepoel - Free People July 2014 (Repost)/thumb/MM0052.jpg','http://www2.anamain.com/t8/Candice Swanepoel - Free People July 2014 (Repost)/thumb/ico_MM0052.jpg'),
	(475,1019,'http://www2.anamain.com/t8/Candice Swanepoel - Free People July 2014 (Repost)/MM0053.jpg','http://www2.anamain.com/t8/Candice Swanepoel - Free People July 2014 (Repost)/thumb/MM0053.jpg','http://www2.anamain.com/t8/Candice Swanepoel - Free People July 2014 (Repost)/thumb/ico_MM0053.jpg'),
	(476,1019,'http://www2.anamain.com/t8/Candice Swanepoel - Free People July 2014 (Repost)/MM0054.jpg','http://www2.anamain.com/t8/Candice Swanepoel - Free People July 2014 (Repost)/thumb/MM0054.jpg','http://www2.anamain.com/t8/Candice Swanepoel - Free People July 2014 (Repost)/thumb/ico_MM0054.jpg'),
	(478,1020,'http://www2.anamain.com/t8/Prestin Obradovich - Russ Elloway photoshoot/MM0001.jpg','http://www2.anamain.com/t8/Prestin Obradovich - Russ Elloway photoshoot/thumb/MM0001.jpg','http://www2.anamain.com/t8/Prestin Obradovich - Russ Elloway photoshoot/thumb/ico_MM0001.jpg'),
	(479,1020,'http://www2.anamain.com/t8/Prestin Obradovich - Russ Elloway photoshoot/MM0002.jpg','http://www2.anamain.com/t8/Prestin Obradovich - Russ Elloway photoshoot/thumb/MM0002.jpg','http://www2.anamain.com/t8/Prestin Obradovich - Russ Elloway photoshoot/thumb/ico_MM0002.jpg'),
	(480,1020,'http://www2.anamain.com/t8/Prestin Obradovich - Russ Elloway photoshoot/MM0003.jpg','http://www2.anamain.com/t8/Prestin Obradovich - Russ Elloway photoshoot/thumb/MM0003.jpg','http://www2.anamain.com/t8/Prestin Obradovich - Russ Elloway photoshoot/thumb/ico_MM0003.jpg'),
	(481,1020,'http://www2.anamain.com/t8/Prestin Obradovich - Russ Elloway photoshoot/MM0004.jpg','http://www2.anamain.com/t8/Prestin Obradovich - Russ Elloway photoshoot/thumb/MM0004.jpg','http://www2.anamain.com/t8/Prestin Obradovich - Russ Elloway photoshoot/thumb/ico_MM0004.jpg'),
	(482,1020,'http://www2.anamain.com/t8/Prestin Obradovich - Russ Elloway photoshoot/MM0005.jpg','http://www2.anamain.com/t8/Prestin Obradovich - Russ Elloway photoshoot/thumb/MM0005.jpg','http://www2.anamain.com/t8/Prestin Obradovich - Russ Elloway photoshoot/thumb/ico_MM0005.jpg'),
	(483,1020,'http://www2.anamain.com/t8/Prestin Obradovich - Russ Elloway photoshoot/MM0006.jpg','http://www2.anamain.com/t8/Prestin Obradovich - Russ Elloway photoshoot/thumb/MM0006.jpg','http://www2.anamain.com/t8/Prestin Obradovich - Russ Elloway photoshoot/thumb/ico_MM0006.jpg'),
	(484,1020,'http://www2.anamain.com/t8/Prestin Obradovich - Russ Elloway photoshoot/MM0007.jpg','http://www2.anamain.com/t8/Prestin Obradovich - Russ Elloway photoshoot/thumb/MM0007.jpg','http://www2.anamain.com/t8/Prestin Obradovich - Russ Elloway photoshoot/thumb/ico_MM0007.jpg'),
	(485,1020,'http://www2.anamain.com/t8/Prestin Obradovich - Russ Elloway photoshoot/MM0008.jpg','http://www2.anamain.com/t8/Prestin Obradovich - Russ Elloway photoshoot/thumb/MM0008.jpg','http://www2.anamain.com/t8/Prestin Obradovich - Russ Elloway photoshoot/thumb/ico_MM0008.jpg'),
	(486,1020,'http://www2.anamain.com/t8/Prestin Obradovich - Russ Elloway photoshoot/MM0009.jpg','http://www2.anamain.com/t8/Prestin Obradovich - Russ Elloway photoshoot/thumb/MM0009.jpg','http://www2.anamain.com/t8/Prestin Obradovich - Russ Elloway photoshoot/thumb/ico_MM0009.jpg'),
	(487,1020,'http://www2.anamain.com/t8/Prestin Obradovich - Russ Elloway photoshoot/MM0010.jpg','http://www2.anamain.com/t8/Prestin Obradovich - Russ Elloway photoshoot/thumb/MM0010.jpg','http://www2.anamain.com/t8/Prestin Obradovich - Russ Elloway photoshoot/thumb/ico_MM0010.jpg'),
	(489,1021,'http://www2.anamain.com/t8/Prestin Obradovich - Lee + Lani collection/MM0001.jpg','http://www2.anamain.com/t8/Prestin Obradovich - Lee + Lani collection/thumb/MM0001.jpg','http://www2.anamain.com/t8/Prestin Obradovich - Lee + Lani collection/thumb/ico_MM0001.jpg'),
	(490,1021,'http://www2.anamain.com/t8/Prestin Obradovich - Lee + Lani collection/MM0002.jpg','http://www2.anamain.com/t8/Prestin Obradovich - Lee + Lani collection/thumb/MM0002.jpg','http://www2.anamain.com/t8/Prestin Obradovich - Lee + Lani collection/thumb/ico_MM0002.jpg'),
	(491,1021,'http://www2.anamain.com/t8/Prestin Obradovich - Lee + Lani collection/MM0003.jpg','http://www2.anamain.com/t8/Prestin Obradovich - Lee + Lani collection/thumb/MM0003.jpg','http://www2.anamain.com/t8/Prestin Obradovich - Lee + Lani collection/thumb/ico_MM0003.jpg'),
	(492,1021,'http://www2.anamain.com/t8/Prestin Obradovich - Lee + Lani collection/MM0004.jpg','http://www2.anamain.com/t8/Prestin Obradovich - Lee + Lani collection/thumb/MM0004.jpg','http://www2.anamain.com/t8/Prestin Obradovich - Lee + Lani collection/thumb/ico_MM0004.jpg'),
	(493,1021,'http://www2.anamain.com/t8/Prestin Obradovich - Lee + Lani collection/MM0005.jpg','http://www2.anamain.com/t8/Prestin Obradovich - Lee + Lani collection/thumb/MM0005.jpg','http://www2.anamain.com/t8/Prestin Obradovich - Lee + Lani collection/thumb/ico_MM0005.jpg'),
	(494,1021,'http://www2.anamain.com/t8/Prestin Obradovich - Lee + Lani collection/MM0006.jpg','http://www2.anamain.com/t8/Prestin Obradovich - Lee + Lani collection/thumb/MM0006.jpg','http://www2.anamain.com/t8/Prestin Obradovich - Lee + Lani collection/thumb/ico_MM0006.jpg'),
	(495,1021,'http://www2.anamain.com/t8/Prestin Obradovich - Lee + Lani collection/MM0007.jpg','http://www2.anamain.com/t8/Prestin Obradovich - Lee + Lani collection/thumb/MM0007.jpg','http://www2.anamain.com/t8/Prestin Obradovich - Lee + Lani collection/thumb/ico_MM0007.jpg'),
	(496,1021,'http://www2.anamain.com/t8/Prestin Obradovich - Lee + Lani collection/MM0008.jpg','http://www2.anamain.com/t8/Prestin Obradovich - Lee + Lani collection/thumb/MM0008.jpg','http://www2.anamain.com/t8/Prestin Obradovich - Lee + Lani collection/thumb/ico_MM0008.jpg'),
	(497,1021,'http://www2.anamain.com/t8/Prestin Obradovich - Lee + Lani collection/MM0009.jpg','http://www2.anamain.com/t8/Prestin Obradovich - Lee + Lani collection/thumb/MM0009.jpg','http://www2.anamain.com/t8/Prestin Obradovich - Lee + Lani collection/thumb/ico_MM0009.jpg'),
	(498,1021,'http://www2.anamain.com/t8/Prestin Obradovich - Lee + Lani collection/MM0010.jpg','http://www2.anamain.com/t8/Prestin Obradovich - Lee + Lani collection/thumb/MM0010.jpg','http://www2.anamain.com/t8/Prestin Obradovich - Lee + Lani collection/thumb/ico_MM0010.jpg'),
	(499,1021,'http://www2.anamain.com/t8/Prestin Obradovich - Lee + Lani collection/MM0011.jpg','http://www2.anamain.com/t8/Prestin Obradovich - Lee + Lani collection/thumb/MM0011.jpg','http://www2.anamain.com/t8/Prestin Obradovich - Lee + Lani collection/thumb/ico_MM0011.jpg'),
	(500,1021,'http://www2.anamain.com/t8/Prestin Obradovich - Lee + Lani collection/MM0012.jpg','http://www2.anamain.com/t8/Prestin Obradovich - Lee + Lani collection/thumb/MM0012.jpg','http://www2.anamain.com/t8/Prestin Obradovich - Lee + Lani collection/thumb/ico_MM0012.jpg'),
	(501,1021,'http://www2.anamain.com/t8/Prestin Obradovich - Lee + Lani collection/MM0013.jpg','http://www2.anamain.com/t8/Prestin Obradovich - Lee + Lani collection/thumb/MM0013.jpg','http://www2.anamain.com/t8/Prestin Obradovich - Lee + Lani collection/thumb/ico_MM0013.jpg'),
	(502,1021,'http://www2.anamain.com/t8/Prestin Obradovich - Lee + Lani collection/MM0014.jpg','http://www2.anamain.com/t8/Prestin Obradovich - Lee + Lani collection/thumb/MM0014.jpg','http://www2.anamain.com/t8/Prestin Obradovich - Lee + Lani collection/thumb/ico_MM0014.jpg'),
	(503,1021,'http://www2.anamain.com/t8/Prestin Obradovich - Lee + Lani collection/MM0015.jpg','http://www2.anamain.com/t8/Prestin Obradovich - Lee + Lani collection/thumb/MM0015.jpg','http://www2.anamain.com/t8/Prestin Obradovich - Lee + Lani collection/thumb/ico_MM0015.jpg'),
	(504,1021,'http://www2.anamain.com/t8/Prestin Obradovich - Lee + Lani collection/MM0016.jpg','http://www2.anamain.com/t8/Prestin Obradovich - Lee + Lani collection/thumb/MM0016.jpg','http://www2.anamain.com/t8/Prestin Obradovich - Lee + Lani collection/thumb/ico_MM0016.jpg'),
	(505,1021,'http://www2.anamain.com/t8/Prestin Obradovich - Lee + Lani collection/MM0017.jpg','http://www2.anamain.com/t8/Prestin Obradovich - Lee + Lani collection/thumb/MM0017.jpg','http://www2.anamain.com/t8/Prestin Obradovich - Lee + Lani collection/thumb/ico_MM0017.jpg'),
	(506,1021,'http://www2.anamain.com/t8/Prestin Obradovich - Lee + Lani collection/MM0018.jpg','http://www2.anamain.com/t8/Prestin Obradovich - Lee + Lani collection/thumb/MM0018.jpg','http://www2.anamain.com/t8/Prestin Obradovich - Lee + Lani collection/thumb/ico_MM0018.jpg'),
	(507,1021,'http://www2.anamain.com/t8/Prestin Obradovich - Lee + Lani collection/MM0019.jpg','http://www2.anamain.com/t8/Prestin Obradovich - Lee + Lani collection/thumb/MM0019.jpg','http://www2.anamain.com/t8/Prestin Obradovich - Lee + Lani collection/thumb/ico_MM0019.jpg'),
	(508,1021,'http://www2.anamain.com/t8/Prestin Obradovich - Lee + Lani collection/MM0020.jpg','http://www2.anamain.com/t8/Prestin Obradovich - Lee + Lani collection/thumb/MM0020.jpg','http://www2.anamain.com/t8/Prestin Obradovich - Lee + Lani collection/thumb/ico_MM0020.jpg'),
	(510,1022,'http://www2.anamain.com/t8/Daniela Lopez Osorio - Stephan Wurth Photoshoot 2016/1.jpg','http://www2.anamain.com/t8/Daniela Lopez Osorio - Stephan Wurth Photoshoot 2016/thumb/1.jpg','http://www2.anamain.com/t8/Daniela Lopez Osorio - Stephan Wurth Photoshoot 2016/thumb/ico_1.jpg'),
	(511,1022,'http://www2.anamain.com/t8/Daniela Lopez Osorio - Stephan Wurth Photoshoot 2016/2.jpg','http://www2.anamain.com/t8/Daniela Lopez Osorio - Stephan Wurth Photoshoot 2016/thumb/2.jpg','http://www2.anamain.com/t8/Daniela Lopez Osorio - Stephan Wurth Photoshoot 2016/thumb/ico_2.jpg'),
	(512,1022,'http://www2.anamain.com/t8/Daniela Lopez Osorio - Stephan Wurth Photoshoot 2016/3.jpg','http://www2.anamain.com/t8/Daniela Lopez Osorio - Stephan Wurth Photoshoot 2016/thumb/3.jpg','http://www2.anamain.com/t8/Daniela Lopez Osorio - Stephan Wurth Photoshoot 2016/thumb/ico_3.jpg'),
	(513,1022,'http://www2.anamain.com/t8/Daniela Lopez Osorio - Stephan Wurth Photoshoot 2016/4.jpg','http://www2.anamain.com/t8/Daniela Lopez Osorio - Stephan Wurth Photoshoot 2016/thumb/4.jpg','http://www2.anamain.com/t8/Daniela Lopez Osorio - Stephan Wurth Photoshoot 2016/thumb/ico_4.jpg'),
	(514,1022,'http://www2.anamain.com/t8/Daniela Lopez Osorio - Stephan Wurth Photoshoot 2016/5.jpg','http://www2.anamain.com/t8/Daniela Lopez Osorio - Stephan Wurth Photoshoot 2016/thumb/5.jpg','http://www2.anamain.com/t8/Daniela Lopez Osorio - Stephan Wurth Photoshoot 2016/thumb/ico_5.jpg'),
	(515,1022,'http://www2.anamain.com/t8/Daniela Lopez Osorio - Stephan Wurth Photoshoot 2016/6.jpg','http://www2.anamain.com/t8/Daniela Lopez Osorio - Stephan Wurth Photoshoot 2016/thumb/6.jpg','http://www2.anamain.com/t8/Daniela Lopez Osorio - Stephan Wurth Photoshoot 2016/thumb/ico_6.jpg'),
	(516,1022,'http://www2.anamain.com/t8/Daniela Lopez Osorio - Stephan Wurth Photoshoot 2016/7.jpg','http://www2.anamain.com/t8/Daniela Lopez Osorio - Stephan Wurth Photoshoot 2016/thumb/7.jpg','http://www2.anamain.com/t8/Daniela Lopez Osorio - Stephan Wurth Photoshoot 2016/thumb/ico_7.jpg'),
	(517,1022,'http://www2.anamain.com/t8/Daniela Lopez Osorio - Stephan Wurth Photoshoot 2016/8.jpg','http://www2.anamain.com/t8/Daniela Lopez Osorio - Stephan Wurth Photoshoot 2016/thumb/8.jpg','http://www2.anamain.com/t8/Daniela Lopez Osorio - Stephan Wurth Photoshoot 2016/thumb/ico_8.jpg'),
	(518,1022,'http://www2.anamain.com/t8/Daniela Lopez Osorio - Stephan Wurth Photoshoot 2016/9.jpg','http://www2.anamain.com/t8/Daniela Lopez Osorio - Stephan Wurth Photoshoot 2016/thumb/9.jpg','http://www2.anamain.com/t8/Daniela Lopez Osorio - Stephan Wurth Photoshoot 2016/thumb/ico_9.jpg'),
	(520,1023,'http://www2.anamain.com/t8/Kiernan Shipka - Kristian Schuller Photoshoot for  Carolina Herrera Resort 2017/10.jpg','http://www2.anamain.com/t8/Kiernan Shipka - Kristian Schuller Photoshoot for  Carolina Herrera Resort 2017/thumb/10.jpg','http://www2.anamain.com/t8/Kiernan Shipka - Kristian Schuller Photoshoot for  Carolina Herrera Resort 2017/thumb/ico_10.jpg'),
	(521,1023,'http://www2.anamain.com/t8/Kiernan Shipka - Kristian Schuller Photoshoot for  Carolina Herrera Resort 2017/1.jpg','http://www2.anamain.com/t8/Kiernan Shipka - Kristian Schuller Photoshoot for  Carolina Herrera Resort 2017/thumb/1.jpg','http://www2.anamain.com/t8/Kiernan Shipka - Kristian Schuller Photoshoot for  Carolina Herrera Resort 2017/thumb/ico_1.jpg'),
	(522,1023,'http://www2.anamain.com/t8/Kiernan Shipka - Kristian Schuller Photoshoot for  Carolina Herrera Resort 2017/2.jpg','http://www2.anamain.com/t8/Kiernan Shipka - Kristian Schuller Photoshoot for  Carolina Herrera Resort 2017/thumb/2.jpg','http://www2.anamain.com/t8/Kiernan Shipka - Kristian Schuller Photoshoot for  Carolina Herrera Resort 2017/thumb/ico_2.jpg'),
	(523,1023,'http://www2.anamain.com/t8/Kiernan Shipka - Kristian Schuller Photoshoot for  Carolina Herrera Resort 2017/3.jpg','http://www2.anamain.com/t8/Kiernan Shipka - Kristian Schuller Photoshoot for  Carolina Herrera Resort 2017/thumb/3.jpg','http://www2.anamain.com/t8/Kiernan Shipka - Kristian Schuller Photoshoot for  Carolina Herrera Resort 2017/thumb/ico_3.jpg'),
	(524,1023,'http://www2.anamain.com/t8/Kiernan Shipka - Kristian Schuller Photoshoot for  Carolina Herrera Resort 2017/4.jpg','http://www2.anamain.com/t8/Kiernan Shipka - Kristian Schuller Photoshoot for  Carolina Herrera Resort 2017/thumb/4.jpg','http://www2.anamain.com/t8/Kiernan Shipka - Kristian Schuller Photoshoot for  Carolina Herrera Resort 2017/thumb/ico_4.jpg'),
	(525,1023,'http://www2.anamain.com/t8/Kiernan Shipka - Kristian Schuller Photoshoot for  Carolina Herrera Resort 2017/5.jpg','http://www2.anamain.com/t8/Kiernan Shipka - Kristian Schuller Photoshoot for  Carolina Herrera Resort 2017/thumb/5.jpg','http://www2.anamain.com/t8/Kiernan Shipka - Kristian Schuller Photoshoot for  Carolina Herrera Resort 2017/thumb/ico_5.jpg'),
	(526,1023,'http://www2.anamain.com/t8/Kiernan Shipka - Kristian Schuller Photoshoot for  Carolina Herrera Resort 2017/6.jpg','http://www2.anamain.com/t8/Kiernan Shipka - Kristian Schuller Photoshoot for  Carolina Herrera Resort 2017/thumb/6.jpg','http://www2.anamain.com/t8/Kiernan Shipka - Kristian Schuller Photoshoot for  Carolina Herrera Resort 2017/thumb/ico_6.jpg'),
	(527,1023,'http://www2.anamain.com/t8/Kiernan Shipka - Kristian Schuller Photoshoot for  Carolina Herrera Resort 2017/7.jpg','http://www2.anamain.com/t8/Kiernan Shipka - Kristian Schuller Photoshoot for  Carolina Herrera Resort 2017/thumb/7.jpg','http://www2.anamain.com/t8/Kiernan Shipka - Kristian Schuller Photoshoot for  Carolina Herrera Resort 2017/thumb/ico_7.jpg'),
	(528,1023,'http://www2.anamain.com/t8/Kiernan Shipka - Kristian Schuller Photoshoot for  Carolina Herrera Resort 2017/8.jpg','http://www2.anamain.com/t8/Kiernan Shipka - Kristian Schuller Photoshoot for  Carolina Herrera Resort 2017/thumb/8.jpg','http://www2.anamain.com/t8/Kiernan Shipka - Kristian Schuller Photoshoot for  Carolina Herrera Resort 2017/thumb/ico_8.jpg'),
	(529,1023,'http://www2.anamain.com/t8/Kiernan Shipka - Kristian Schuller Photoshoot for  Carolina Herrera Resort 2017/9.jpg','http://www2.anamain.com/t8/Kiernan Shipka - Kristian Schuller Photoshoot for  Carolina Herrera Resort 2017/thumb/9.jpg','http://www2.anamain.com/t8/Kiernan Shipka - Kristian Schuller Photoshoot for  Carolina Herrera Resort 2017/thumb/ico_9.jpg'),
	(531,1024,'http://www2.anamain.com/t8/Rosie Huntington-Whiteley - Russell James Photoshoot 2016/10.jpg','http://www2.anamain.com/t8/Rosie Huntington-Whiteley - Russell James Photoshoot 2016/thumb/10.jpg','http://www2.anamain.com/t8/Rosie Huntington-Whiteley - Russell James Photoshoot 2016/thumb/ico_10.jpg'),
	(532,1024,'http://www2.anamain.com/t8/Rosie Huntington-Whiteley - Russell James Photoshoot 2016/11.jpg','http://www2.anamain.com/t8/Rosie Huntington-Whiteley - Russell James Photoshoot 2016/thumb/11.jpg','http://www2.anamain.com/t8/Rosie Huntington-Whiteley - Russell James Photoshoot 2016/thumb/ico_11.jpg'),
	(533,1024,'http://www2.anamain.com/t8/Rosie Huntington-Whiteley - Russell James Photoshoot 2016/1.jpg','http://www2.anamain.com/t8/Rosie Huntington-Whiteley - Russell James Photoshoot 2016/thumb/1.jpg','http://www2.anamain.com/t8/Rosie Huntington-Whiteley - Russell James Photoshoot 2016/thumb/ico_1.jpg'),
	(534,1024,'http://www2.anamain.com/t8/Rosie Huntington-Whiteley - Russell James Photoshoot 2016/2.jpg','http://www2.anamain.com/t8/Rosie Huntington-Whiteley - Russell James Photoshoot 2016/thumb/2.jpg','http://www2.anamain.com/t8/Rosie Huntington-Whiteley - Russell James Photoshoot 2016/thumb/ico_2.jpg'),
	(535,1024,'http://www2.anamain.com/t8/Rosie Huntington-Whiteley - Russell James Photoshoot 2016/3.jpg','http://www2.anamain.com/t8/Rosie Huntington-Whiteley - Russell James Photoshoot 2016/thumb/3.jpg','http://www2.anamain.com/t8/Rosie Huntington-Whiteley - Russell James Photoshoot 2016/thumb/ico_3.jpg'),
	(536,1024,'http://www2.anamain.com/t8/Rosie Huntington-Whiteley - Russell James Photoshoot 2016/4.jpg','http://www2.anamain.com/t8/Rosie Huntington-Whiteley - Russell James Photoshoot 2016/thumb/4.jpg','http://www2.anamain.com/t8/Rosie Huntington-Whiteley - Russell James Photoshoot 2016/thumb/ico_4.jpg'),
	(537,1024,'http://www2.anamain.com/t8/Rosie Huntington-Whiteley - Russell James Photoshoot 2016/5.jpg','http://www2.anamain.com/t8/Rosie Huntington-Whiteley - Russell James Photoshoot 2016/thumb/5.jpg','http://www2.anamain.com/t8/Rosie Huntington-Whiteley - Russell James Photoshoot 2016/thumb/ico_5.jpg'),
	(538,1024,'http://www2.anamain.com/t8/Rosie Huntington-Whiteley - Russell James Photoshoot 2016/6.jpg','http://www2.anamain.com/t8/Rosie Huntington-Whiteley - Russell James Photoshoot 2016/thumb/6.jpg','http://www2.anamain.com/t8/Rosie Huntington-Whiteley - Russell James Photoshoot 2016/thumb/ico_6.jpg'),
	(539,1024,'http://www2.anamain.com/t8/Rosie Huntington-Whiteley - Russell James Photoshoot 2016/7.jpg','http://www2.anamain.com/t8/Rosie Huntington-Whiteley - Russell James Photoshoot 2016/thumb/7.jpg','http://www2.anamain.com/t8/Rosie Huntington-Whiteley - Russell James Photoshoot 2016/thumb/ico_7.jpg'),
	(540,1024,'http://www2.anamain.com/t8/Rosie Huntington-Whiteley - Russell James Photoshoot 2016/8.jpg','http://www2.anamain.com/t8/Rosie Huntington-Whiteley - Russell James Photoshoot 2016/thumb/8.jpg','http://www2.anamain.com/t8/Rosie Huntington-Whiteley - Russell James Photoshoot 2016/thumb/ico_8.jpg'),
	(541,1024,'http://www2.anamain.com/t8/Rosie Huntington-Whiteley - Russell James Photoshoot 2016/9.jpg','http://www2.anamain.com/t8/Rosie Huntington-Whiteley - Russell James Photoshoot 2016/thumb/9.jpg','http://www2.anamain.com/t8/Rosie Huntington-Whiteley - Russell James Photoshoot 2016/thumb/ico_9.jpg');

/*!40000 ALTER TABLE `photo` ENABLE KEYS */;
UNLOCK TABLES;


# Dump of table photograph
# ------------------------------------------------------------

DROP TABLE IF EXISTS `photograph`;

CREATE TABLE `photograph` (
  `id` int(11) unsigned NOT NULL AUTO_INCREMENT,
  `name` varchar(255) NOT NULL DEFAULT '',
  `photo` varchar(255) DEFAULT NULL,
  PRIMARY KEY (`id`)
) ENGINE=InnoDB DEFAULT CHARSET=utf8;

LOCK TABLES `photograph` WRITE;
/*!40000 ALTER TABLE `photograph` DISABLE KEYS */;

INSERT INTO `photograph` (`id`, `name`, `photo`)
VALUES
	(1,'greater flamingos',NULL),
	(2,'phoenicopterus',NULL),
	(3,'bird',NULL),
	(4,'exterior',NULL),
	(5,'fenicottero',NULL),
	(6,'italy',NULL),
	(7,'outside pink',NULL),
	(8,'roberto melotti',NULL),
	(9,'Nick',NULL),
	(10,'Dilan',NULL),
	(11,'Jim',NULL),
	(12,'Grayson Hoffman',NULL),
	(13,'Gilles Bensimon',NULL),
	(14,'Underlash Activewwear',NULL),
	(15,'Gooseberry Intimates',NULL),
	(16,'Parah Lingerie',NULL);

/*!40000 ALTER TABLE `photograph` ENABLE KEYS */;
UNLOCK TABLES;


# Dump of table place
# ------------------------------------------------------------

DROP TABLE IF EXISTS `place`;

CREATE TABLE `place` (
  `id` int(11) unsigned NOT NULL AUTO_INCREMENT,
  `city_id` int(11) unsigned NOT NULL,
  `name` varchar(255) DEFAULT NULL,
  `logo` varchar(255) DEFAULT NULL,
  PRIMARY KEY (`id`),
  KEY `country_id` (`city_id`),
  CONSTRAINT `place_ibfk_1` FOREIGN KEY (`city_id`) REFERENCES `city` (`id`) ON DELETE CASCADE ON UPDATE CASCADE
) ENGINE=InnoDB DEFAULT CHARSET=utf8;

LOCK TABLES `place` WRITE;
/*!40000 ALTER TABLE `place` DISABLE KEYS */;

INSERT INTO `place` (`id`, `city_id`, `name`, `logo`)
VALUES
	(1,2,'Angkor Wat','/img/city1.jpg'),
	(2,2,'Bayon temple complex',NULL),
	(3,4,'Cathedral of the Resurrection',NULL),
	(4,5,'Lincoln Memorial',NULL),
	(5,7,'NightClub',NULL),
	(6,6,'Uniun Nightclub',NULL),
	(7,6,'Brittany Oldehoff',NULL),
	(8,6,'Ginta Lapina',NULL),
	(9,6,'Jacqueline Oloniceva',NULL),
	(10,6,'Maya Stepper',NULL),
	(11,6,'Paula Bulczynska',NULL);

/*!40000 ALTER TABLE `place` ENABLE KEYS */;
UNLOCK TABLES;


# Dump of table session
# ------------------------------------------------------------

DROP TABLE IF EXISTS `session`;

CREATE TABLE `session` (
  `user_id` int(11) unsigned NOT NULL,
  `token` varchar(64) NOT NULL DEFAULT '',
  KEY `user_id` (`user_id`),
  CONSTRAINT `session_ibfk_1` FOREIGN KEY (`user_id`) REFERENCES `user` (`id`)
) ENGINE=InnoDB DEFAULT CHARSET=latin1;

LOCK TABLES `session` WRITE;
/*!40000 ALTER TABLE `session` DISABLE KEYS */;

INSERT INTO `session` (`user_id`, `token`)
VALUES
	(1,'57e3d32bdf5ed'),
	(1,'57e4fb3373177'),
	(1,'57e4fd9abd052'),
	(1,'57e4fd9b15beb'),
	(1,'57e4fdb5608a6'),
	(1,'57e50718322bd'),
	(1,'57e5074f4cd04'),
	(1,'57f23d180f838'),
	(1,'57f2432667b92');

/*!40000 ALTER TABLE `session` ENABLE KEYS */;
UNLOCK TABLES;


# Dump of table user
# ------------------------------------------------------------

DROP TABLE IF EXISTS `user`;

CREATE TABLE `user` (
  `id` int(11) unsigned NOT NULL AUTO_INCREMENT,
  `email` varchar(255) NOT NULL DEFAULT '',
  PRIMARY KEY (`id`)
) ENGINE=InnoDB DEFAULT CHARSET=utf8;

LOCK TABLES `user` WRITE;
/*!40000 ALTER TABLE `user` DISABLE KEYS */;

INSERT INTO `user` (`id`, `email`)
VALUES
	(1,'alex@kochetov.com');

/*!40000 ALTER TABLE `user` ENABLE KEYS */;
UNLOCK TABLES;



/*!40111 SET SQL_NOTES=@OLD_SQL_NOTES */;
/*!40101 SET SQL_MODE=@OLD_SQL_MODE */;
/*!40014 SET FOREIGN_KEY_CHECKS=@OLD_FOREIGN_KEY_CHECKS */;
/*!40101 SET CHARACTER_SET_CLIENT=@OLD_CHARACTER_SET_CLIENT */;
/*!40101 SET CHARACTER_SET_RESULTS=@OLD_CHARACTER_SET_RESULTS */;
/*!40101 SET COLLATION_CONNECTION=@OLD_COLLATION_CONNECTION */;
